id,type,name,title,width,height,commonsUrl,originalUrl,thumbUrl,license,licenseUrl,artist,date,source
"1","항공뷰","Lotte world tower (censored)","File:Lotte world tower (censored).jpg","2995","1924","https://commons.wikimedia.org/wiki/File%3ALotte_world_tower_(censored).jpg","https://upload.wikimedia.org/wikipedia/commons/d/df/Lotte_world_tower_%28censored%29.jpg?utm_source=commons.wikimedia.org&utm_campaign=imageinfo&utm_content=original","https://upload.wikimedia.org/wikipedia/commons/thumb/d/df/Lotte_world_tower_%28censored%29.jpg/960px-Lotte_world_tower_%28censored%29.jpg?utm_source=commons.wikimedia.org&utm_campaign=imageinfo&utm_content=thumbnail","CC BY-SA 4.0","https://creativecommons.org/licenses/by-sa/4.0","Neroson (original)","2016-09-19 15:22:29","search: Lotte World Tower view Seoul filetype:bitmap"
"2","항공뷰","Helicopter view of Seoul","File:Helicopter view of Seoul.jpg","4113","2256","https://commons.wikimedia.org/wiki/File%3AHelicopter_view_of_Seoul.jpg","https://upload.wikimedia.org/wikipedia/commons/0/00/Helicopter_view_of_Seoul.jpg?utm_source=commons.wikimedia.org&utm_campaign=imageinfo&utm_content=original","https://upload.wikimedia.org/wikipedia/commons/thumb/0/00/Helicopter_view_of_Seoul.jpg/960px-Helicopter_view_of_Seoul.jpg?utm_source=commons.wikimedia.org&utm_campaign=imageinfo&utm_content=thumbnail","CC BY-SA 4.0","https://creativecommons.org/licenses/by-sa/4.0","Neroson","Taken on 19 September 2016 15:22:29","Category:Skylines in Seoul"
"3","항공뷰","Seoul Cityscape From the Sky Park (6907573433)","File:Seoul Cityscape From the Sky Park (6907573433).jpg","1000","667","https://commons.wikimedia.org/wiki/File%3ASeoul_Cityscape_From_the_Sky_Park_(6907573433).jpg","https://upload.wikimedia.org/wikipedia/commons/a/aa/Seoul_Cityscape_From_the_Sky_Park_%286907573433%29.jpg?utm_source=commons.wikimedia.org&utm_campaign=imageinfo&utm_content=original","https://upload.wikimedia.org/wikipedia/commons/thumb/a/aa/Seoul_Cityscape_From_the_Sky_Park_%286907573433%29.jpg/960px-Seoul_Cityscape_From_the_Sky_Park_%286907573433%29.jpg?utm_source=commons.wikimedia.org&utm_campaign=imageinfo&utm_content=thumbnail","CC BY-SA 2.0","https://creativecommons.org/licenses/by-sa/2.0","Jimmy McIntyre - Editor HDR One Magazine","2012-02-18 12:27","Category:Skylines in Seoul"
"4","항공뷰","서울, 한강, 여의도-1969년","File:서울, 한강, 여의도-1969년.jpg","3090","2048","https://commons.wikimedia.org/wiki/File%3A%EC%84%9C%EC%9A%B8%2C_%ED%95%9C%EA%B0%95%2C_%EC%97%AC%EC%9D%98%EB%8F%84-1969%EB%85%84.jpg","https://upload.wikimedia.org/wikipedia/commons/4/44/%EC%84%9C%EC%9A%B8%2C_%ED%95%9C%EA%B0%95%2C_%EC%97%AC%EC%9D%98%EB%8F%84-1969%EB%85%84.jpg?utm_source=commons.wikimedia.org&utm_campaign=imageinfo&utm_content=original","https://upload.wikimedia.org/wikipedia/commons/thumb/4/44/%EC%84%9C%EC%9A%B8%2C_%ED%95%9C%EA%B0%95%2C_%EC%97%AC%EC%9D%98%EB%8F%84-1969%EB%85%84.jpg/960px-%EC%84%9C%EC%9A%B8%2C_%ED%95%9C%EA%B0%95%2C_%EC%97%AC%EC%9D%98%EB%8F%84-1969%EB%85%84.jpg?utm_source=commons.wikimedia.org&utm_campaign=imageinfo&utm_content=thumbnail","Public domain","","경기도청","2013-04-09 19:11:13","Category:Yeouido"
"5","위성/지도","Seoul, South Korea (50732566993)","File:Seoul, South Korea (50732566993).png","8554","5262","https://commons.wikimedia.org/wiki/File%3ASeoul%2C_South_Korea_(50732566993).png","https://upload.wikimedia.org/wikipedia/commons/8/86/Seoul%2C_South_Korea_%2850732566993%29.png?utm_source=commons.wikimedia.org&utm_campaign=imageinfo&utm_content=original","https://upload.wikimedia.org/wikipedia/commons/thumb/8/86/Seoul%2C_South_Korea_%2850732566993%29.png/960px-Seoul%2C_South_Korea_%2850732566993%29.png?utm_source=commons.wikimedia.org&utm_campaign=imageinfo&utm_content=thumbnail","CC BY 2.0","https://creativecommons.org/licenses/by/2.0","Sentinel Hub","Taken on 18 December 2020, 07:27","search: Seoul satellite map filetype:bitmap"
"6","항공뷰","South Korea, aerial view of Seoul","File:South Korea, aerial view of Seoul.jpg","5049","3088","https://commons.wikimedia.org/wiki/File%3ASouth_Korea%2C_aerial_view_of_Seoul.jpg","https://upload.wikimedia.org/wikipedia/commons/b/b7/South_Korea%2C_aerial_view_of_Seoul.jpg?utm_source=commons.wikimedia.org&utm_campaign=imageinfo&utm_content=original","https://upload.wikimedia.org/wikipedia/commons/thumb/b/b7/South_Korea%2C_aerial_view_of_Seoul.jpg/960px-South_Korea%2C_aerial_view_of_Seoul.jpg?utm_source=commons.wikimedia.org&utm_campaign=imageinfo&utm_content=thumbnail","Public domain","","George Clayton Foulk","circa 1884 date QS:P,+1884-00-00T00:00:00Z/9,P1480,Q5727902","search: Seoul aerial view filetype:bitmap"
"7","항공뷰","Aerial view of Seoul 2","File:Aerial view of Seoul 2.jpg","4320","2432","https://commons.wikimedia.org/wiki/File%3AAerial_view_of_Seoul_2.jpg","https://upload.wikimedia.org/wikipedia/commons/7/7a/Aerial_view_of_Seoul_2.jpg?utm_source=commons.wikimedia.org&utm_campaign=imageinfo&utm_content=original","https://upload.wikimedia.org/wikipedia/commons/thumb/7/7a/Aerial_view_of_Seoul_2.jpg/960px-Aerial_view_of_Seoul_2.jpg?utm_source=commons.wikimedia.org&utm_campaign=imageinfo&utm_content=thumbnail","CC0","http://creativecommons.org/publicdomain/zero/1.0/deed.en","Brücke-Osteuropa","2011-10-02","Category:Cityscapes of Seoul"
"8","항공뷰","Aerial view of Seoul 1","File:Aerial view of Seoul 1.jpg","3138","1402","https://commons.wikimedia.org/wiki/File%3AAerial_view_of_Seoul_1.jpg","https://upload.wikimedia.org/wikipedia/commons/c/c6/Aerial_view_of_Seoul_1.jpg?utm_source=commons.wikimedia.org&utm_campaign=imageinfo&utm_content=original","https://upload.wikimedia.org/wikipedia/commons/thumb/c/c6/Aerial_view_of_Seoul_1.jpg/960px-Aerial_view_of_Seoul_1.jpg?utm_source=commons.wikimedia.org&utm_campaign=imageinfo&utm_content=thumbnail","CC0","http://creativecommons.org/publicdomain/zero/1.0/deed.en","Brücke-Osteuropa","2011-10-02","Category:Aerial photographs of Seoul"
"9","항공뷰","Han River aerial view","File:Han River aerial view.jpg","1110","832","https://commons.wikimedia.org/wiki/File%3AHan_River_aerial_view.jpg","https://upload.wikimedia.org/wikipedia/commons/7/7f/Han_River_aerial_view.jpg?utm_source=commons.wikimedia.org&utm_campaign=imageinfo&utm_content=original","https://upload.wikimedia.org/wikipedia/commons/thumb/7/7f/Han_River_aerial_view.jpg/960px-Han_River_aerial_view.jpg?utm_source=commons.wikimedia.org&utm_campaign=imageinfo&utm_content=thumbnail","CC BY-SA 4.0","https://creativecommons.org/licenses/by-sa/4.0","Brit in Seoul","2018-11-24","search: Seoul aerial view filetype:bitmap"
"10","항공뷰","Olympic Bridge 올림픽대교","File:Olympic Bridge 올림픽대교.jpg","1000","750","https://commons.wikimedia.org/wiki/File%3AOlympic_Bridge_%EC%98%AC%EB%A6%BC%ED%94%BD%EB%8C%80%EA%B5%90.jpg","https://upload.wikimedia.org/wikipedia/commons/9/90/Olympic_Bridge_%EC%98%AC%EB%A6%BC%ED%94%BD%EB%8C%80%EA%B5%90.jpg?utm_source=commons.wikimedia.org&utm_campaign=imageinfo&utm_content=original","https://upload.wikimedia.org/wikipedia/commons/thumb/9/90/Olympic_Bridge_%EC%98%AC%EB%A6%BC%ED%94%BD%EB%8C%80%EA%B5%90.jpg/960px-Olympic_Bridge_%EC%98%AC%EB%A6%BC%ED%94%BD%EB%8C%80%EA%B5%90.jpg?utm_source=commons.wikimedia.org&utm_campaign=imageinfo&utm_content=thumbnail","Public domain","","Rachel from Los Angeles, California, USA","2008-11-06 16:43","search: Han River Seoul panorama filetype:bitmap"
"11","항공뷰","Aerial of Keijo (Seoul) Korea, Taken by USS Antietam","File:Aerial of Keijo (Seoul) Korea, Taken by USS Antietam.jpg","7313","5313","https://commons.wikimedia.org/wiki/File%3AAerial_of_Keijo_(Seoul)_Korea%2C_Taken_by_USS_Antietam.jpg","https://upload.wikimedia.org/wikipedia/commons/4/4a/Aerial_of_Keijo_%28Seoul%29_Korea%2C_Taken_by_USS_Antietam.jpg?utm_source=commons.wikimedia.org&utm_campaign=imageinfo&utm_content=original","https://upload.wikimedia.org/wikipedia/commons/thumb/4/4a/Aerial_of_Keijo_%28Seoul%29_Korea%2C_Taken_by_USS_Antietam.jpg/960px-Aerial_of_Keijo_%28Seoul%29_Korea%2C_Taken_by_USS_Antietam.jpg?utm_source=commons.wikimedia.org&utm_campaign=imageinfo&utm_content=thumbnail","Public domain","","Naval Photographic Center","1945-09-09","search: Seoul aerial view filetype:bitmap"
"12","항공뷰","Aerial of Keijo (Seoul) Korea, Taken by USS Antietam (cropped)","File:Aerial of Keijo (Seoul) Korea, Taken by USS Antietam (cropped).jpg","5744","4624","https://commons.wikimedia.org/wiki/File%3AAerial_of_Keijo_(Seoul)_Korea%2C_Taken_by_USS_Antietam_(cropped).jpg","https://upload.wikimedia.org/wikipedia/commons/5/50/Aerial_of_Keijo_%28Seoul%29_Korea%2C_Taken_by_USS_Antietam_%28cropped%29.jpg?utm_source=commons.wikimedia.org&utm_campaign=imageinfo&utm_content=original","https://upload.wikimedia.org/wikipedia/commons/thumb/5/50/Aerial_of_Keijo_%28Seoul%29_Korea%2C_Taken_by_USS_Antietam_%28cropped%29.jpg/960px-Aerial_of_Keijo_%28Seoul%29_Korea%2C_Taken_by_USS_Antietam_%28cropped%29.jpg?utm_source=commons.wikimedia.org&utm_campaign=imageinfo&utm_content=thumbnail","Public domain","","Naval Photographic Center","1945-09-09","search: Seoul aerial view filetype:bitmap"
"13","항공뷰","View from the Sky Terrace in Seoul","File:View from the Sky Terrace in Seoul.jpg","4032","3024","https://commons.wikimedia.org/wiki/File%3AView_from_the_Sky_Terrace_in_Seoul.jpg","https://upload.wikimedia.org/wikipedia/commons/6/6e/View_from_the_Sky_Terrace_in_Seoul.jpg?utm_source=commons.wikimedia.org&utm_campaign=imageinfo&utm_content=original","https://upload.wikimedia.org/wikipedia/commons/thumb/6/6e/View_from_the_Sky_Terrace_in_Seoul.jpg/960px-View_from_the_Sky_Terrace_in_Seoul.jpg?utm_source=commons.wikimedia.org&utm_campaign=imageinfo&utm_content=thumbnail","CC BY-SA 4.0","https://creativecommons.org/licenses/by-sa/4.0","Christophe95","2018-10-07 17:50:30","Category:Views from Lotte World Tower"
"14","항공뷰","1951년 서울항공","File:1951년 서울항공.jpg","2953","1986","https://commons.wikimedia.org/wiki/File%3A1951%EB%85%84_%EC%84%9C%EC%9A%B8%ED%95%AD%EA%B3%B5.jpg","https://upload.wikimedia.org/wikipedia/commons/d/d2/1951%EB%85%84_%EC%84%9C%EC%9A%B8%ED%95%AD%EA%B3%B5.jpg?utm_source=commons.wikimedia.org&utm_campaign=imageinfo&utm_content=original","https://upload.wikimedia.org/wikipedia/commons/thumb/d/d2/1951%EB%85%84_%EC%84%9C%EC%9A%B8%ED%95%AD%EA%B3%B5.jpg/960px-1951%EB%85%84_%EC%84%9C%EC%9A%B8%ED%95%AD%EA%B3%B5.jpg?utm_source=commons.wikimedia.org&utm_campaign=imageinfo&utm_content=thumbnail","CC BY 4.0","https://creativecommons.org/licenses/by/4.0","한국저작권위원회","1951-01-01","search: Seoul aerial photograph filetype:bitmap"
"15","파노라마","Panorama of Seoul","File:Panorama of Seoul.jpg","4840","1080","https://commons.wikimedia.org/wiki/File%3APanorama_of_Seoul.jpg","https://upload.wikimedia.org/wikipedia/commons/9/90/Panorama_of_Seoul.jpg?utm_source=commons.wikimedia.org&utm_campaign=imageinfo&utm_content=original","https://upload.wikimedia.org/wikipedia/commons/thumb/9/90/Panorama_of_Seoul.jpg/960px-Panorama_of_Seoul.jpg?utm_source=commons.wikimedia.org&utm_campaign=imageinfo&utm_content=thumbnail","CC BY-SA 4.0","https://creativecommons.org/licenses/by-sa/4.0","Zubro","2013-03-02","Category:Cityscapes of Seoul"
"16","파노라마","Panorama of Seoul (02)","File:Panorama of Seoul (02).jpg","4550","1080","https://commons.wikimedia.org/wiki/File%3APanorama_of_Seoul_(02).jpg","https://upload.wikimedia.org/wikipedia/commons/2/2a/Panorama_of_Seoul_%2802%29.jpg?utm_source=commons.wikimedia.org&utm_campaign=imageinfo&utm_content=original","https://upload.wikimedia.org/wikipedia/commons/thumb/2/2a/Panorama_of_Seoul_%2802%29.jpg/960px-Panorama_of_Seoul_%2802%29.jpg?utm_source=commons.wikimedia.org&utm_campaign=imageinfo&utm_content=thumbnail","CC BY-SA 4.0","https://creativecommons.org/licenses/by-sa/4.0","Zubro","2013-03-02","Category:Cityscapes of Seoul"
"17","위성/지도","Seoul satellite map","File:Seoul satellite map.jpg","611","867","https://commons.wikimedia.org/wiki/File%3ASeoul_satellite_map.jpg","https://upload.wikimedia.org/wikipedia/commons/f/f2/Seoul_satellite_map.jpg?utm_source=commons.wikimedia.org&utm_campaign=imageinfo&utm_content=original","https://upload.wikimedia.org/wikipedia/commons/f/f2/Seoul_satellite_map.jpg?utm_source=commons.wikimedia.org&utm_campaign=imageinfo&utm_content=thumbnail_unscaled","CC BY 2.5","https://creativecommons.org/licenses/by/2.5","http://www.terraprints.com","2006-10-25","search: Seoul satellite map filetype:bitmap"
"18","항공뷰","Seoul from the sky","File:Seoul from the sky.jpg","1024","386","https://commons.wikimedia.org/wiki/File%3ASeoul_from_the_sky.jpg","https://upload.wikimedia.org/wikipedia/commons/1/1f/Seoul_from_the_sky.jpg?utm_source=commons.wikimedia.org&utm_campaign=imageinfo&utm_content=original","https://upload.wikimedia.org/wikipedia/commons/thumb/1/1f/Seoul_from_the_sky.jpg/960px-Seoul_from_the_sky.jpg?utm_source=commons.wikimedia.org&utm_campaign=imageinfo&utm_content=thumbnail","CC BY-SA 2.0","https://creativecommons.org/licenses/by-sa/2.0","stari4ek","2008-06-18 08:53:37","search: Seoul panorama filetype:bitmap"
"19","파노라마","N Seoul Tower Panorama Night","File:N Seoul Tower Panorama Night.jpg","31232","3733","https://commons.wikimedia.org/wiki/File%3AN_Seoul_Tower_Panorama_Night.jpg","https://upload.wikimedia.org/wikipedia/commons/4/43/N_Seoul_Tower_Panorama_Night.jpg?utm_source=commons.wikimedia.org&utm_campaign=imageinfo&utm_content=original","https://upload.wikimedia.org/wikipedia/commons/thumb/4/43/N_Seoul_Tower_Panorama_Night.jpg/960px-N_Seoul_Tower_Panorama_Night.jpg?utm_source=commons.wikimedia.org&utm_campaign=imageinfo&utm_content=thumbnail","CC BY-SA 4.0","https://creativecommons.org/licenses/by-sa/4.0","Johnx85dt","2016-03-12","search: Seoul panorama filetype:bitmap"
"20","파노라마","N Seoul Tower Panorama Night (cropped)","File:N Seoul Tower Panorama Night (cropped).jpg","25962","3733","https://commons.wikimedia.org/wiki/File%3AN_Seoul_Tower_Panorama_Night_(cropped).jpg","https://upload.wikimedia.org/wikipedia/commons/d/dc/N_Seoul_Tower_Panorama_Night_%28cropped%29.jpg?utm_source=commons.wikimedia.org&utm_campaign=imageinfo&utm_content=original","https://upload.wikimedia.org/wikipedia/commons/thumb/d/dc/N_Seoul_Tower_Panorama_Night_%28cropped%29.jpg/960px-N_Seoul_Tower_Panorama_Night_%28cropped%29.jpg?utm_source=commons.wikimedia.org&utm_campaign=imageinfo&utm_content=thumbnail","CC BY-SA 4.0","https://creativecommons.org/licenses/by-sa/4.0","Johnx85dt","2016-03-12","search: Seoul panorama filetype:bitmap"
"21","파노라마","Seoul panorama from N Seoul Tower","File:Seoul panorama from N Seoul Tower.jpg","22579","3909","https://commons.wikimedia.org/wiki/File%3ASeoul_panorama_from_N_Seoul_Tower.jpg","https://upload.wikimedia.org/wikipedia/commons/d/d9/Seoul_panorama_from_N_Seoul_Tower.jpg?utm_source=commons.wikimedia.org&utm_campaign=imageinfo&utm_content=original","https://upload.wikimedia.org/wikipedia/commons/thumb/d/d9/Seoul_panorama_from_N_Seoul_Tower.jpg/960px-Seoul_panorama_from_N_Seoul_Tower.jpg?utm_source=commons.wikimedia.org&utm_campaign=imageinfo&utm_content=thumbnail","CC BY-SA 2.0","https://creativecommons.org/licenses/by-sa/2.0","cafuego","2019-09-16 12:11:11","Category:Views from N Seoul Tower"
"22","파노라마","Seoul-night-pano-cropped","File:Seoul-night-pano-cropped.jpg","19400","3272","https://commons.wikimedia.org/wiki/File%3ASeoul-night-pano-cropped.jpg","https://upload.wikimedia.org/wikipedia/commons/9/9e/Seoul-night-pano-cropped.jpg?utm_source=commons.wikimedia.org&utm_campaign=imageinfo&utm_content=original","https://upload.wikimedia.org/wikipedia/commons/thumb/9/9e/Seoul-night-pano-cropped.jpg/960px-Seoul-night-pano-cropped.jpg?utm_source=commons.wikimedia.org&utm_campaign=imageinfo&utm_content=thumbnail","CC BY-SA 3.0","https://creativecommons.org/licenses/by-sa/3.0","KLuwak","2009-07-07","search: Seoul panorama filetype:bitmap"
"23","파노라마","N Seoul Tower Panorama 002","File:N Seoul Tower Panorama 002.jpg","19029","2695","https://commons.wikimedia.org/wiki/File%3AN_Seoul_Tower_Panorama_002.jpg","https://upload.wikimedia.org/wikipedia/commons/9/9e/N_Seoul_Tower_Panorama_002.jpg?utm_source=commons.wikimedia.org&utm_campaign=imageinfo&utm_content=original","https://upload.wikimedia.org/wikipedia/commons/thumb/9/9e/N_Seoul_Tower_Panorama_002.jpg/960px-N_Seoul_Tower_Panorama_002.jpg?utm_source=commons.wikimedia.org&utm_campaign=imageinfo&utm_content=thumbnail","CC BY-SA 4.0","https://creativecommons.org/licenses/by-sa/4.0","User Spike","2014-10-24 18:39:15","Category:Views from N Seoul Tower"
"24","파노라마","N Seoul Tower Panorama 001","File:N Seoul Tower Panorama 001.jpg","18775","2150","https://commons.wikimedia.org/wiki/File%3AN_Seoul_Tower_Panorama_001.jpg","https://upload.wikimedia.org/wikipedia/commons/0/0f/N_Seoul_Tower_Panorama_001.jpg?utm_source=commons.wikimedia.org&utm_campaign=imageinfo&utm_content=original","https://upload.wikimedia.org/wikipedia/commons/thumb/0/0f/N_Seoul_Tower_Panorama_001.jpg/960px-N_Seoul_Tower_Panorama_001.jpg?utm_source=commons.wikimedia.org&utm_campaign=imageinfo&utm_content=thumbnail","CC BY-SA 4.0","https://creativecommons.org/licenses/by-sa/4.0","User Spike","2014-10-24 18:12:24","Category:Views from N Seoul Tower"
"25","파노라마","Seoul at Dusk","File:Seoul at Dusk.jpg","7042","3199","https://commons.wikimedia.org/wiki/File%3ASeoul_at_Dusk.jpg","https://upload.wikimedia.org/wikipedia/commons/9/9e/Seoul_at_Dusk.jpg?utm_source=commons.wikimedia.org&utm_campaign=imageinfo&utm_content=original","https://upload.wikimedia.org/wikipedia/commons/thumb/9/9e/Seoul_at_Dusk.jpg/960px-Seoul_at_Dusk.jpg?utm_source=commons.wikimedia.org&utm_campaign=imageinfo&utm_content=thumbnail","CC BY-SA 3.0","https://creativecommons.org/licenses/by-sa/3.0","Markrosenrosen","2011-10-30","search: Seoul panorama filetype:bitmap"
"26","한강 축","Cityscape of Yeouido skyscrapers and Hangang Railway Bridge 20240501113854","File:Cityscape of Yeouido skyscrapers and Hangang Railway Bridge 20240501113854.jpg","5751","3834","https://commons.wikimedia.org/wiki/File%3ACityscape_of_Yeouido_skyscrapers_and_Hangang_Railway_Bridge_20240501113854.jpg","https://upload.wikimedia.org/wikipedia/commons/a/a1/Cityscape_of_Yeouido_skyscrapers_and_Hangang_Railway_Bridge_20240501113854.jpg?utm_source=commons.wikimedia.org&utm_campaign=imageinfo&utm_content=original","https://upload.wikimedia.org/wikipedia/commons/thumb/a/a1/Cityscape_of_Yeouido_skyscrapers_and_Hangang_Railway_Bridge_20240501113854.jpg/960px-Cityscape_of_Yeouido_skyscrapers_and_Hangang_Railway_Bridge_20240501113854.jpg?utm_source=commons.wikimedia.org&utm_campaign=imageinfo&utm_content=thumbnail","CC BY-SA 4.0","https://creativecommons.org/licenses/by-sa/4.0","TurnOnTheNight","2024-05-01 11:38:54","Category:Yeouido"
"27","한강 축","Yeouido Han River Seoul Bamseom Pixabay 1602524","File:Yeouido Han River Seoul Bamseom Pixabay 1602524.jpg","4912","3264","https://commons.wikimedia.org/wiki/File%3AYeouido_Han_River_Seoul_Bamseom_Pixabay_1602524.jpg","https://upload.wikimedia.org/wikipedia/commons/f/f3/Yeouido_Han_River_Seoul_Bamseom_Pixabay_1602524.jpg?utm_source=commons.wikimedia.org&utm_campaign=imageinfo&utm_content=original","https://upload.wikimedia.org/wikipedia/commons/thumb/f/f3/Yeouido_Han_River_Seoul_Bamseom_Pixabay_1602524.jpg/960px-Yeouido_Han_River_Seoul_Bamseom_Pixabay_1602524.jpg?utm_source=commons.wikimedia.org&utm_campaign=imageinfo&utm_content=thumbnail","CC0","http://creativecommons.org/publicdomain/zero/1.0/deed.en","pixabay: @heecheol890102","2016-08-10","Category:Yeouido"
"28","파노라마","Seoul city view panorama from Namsan Mountain (49174492133)","File:Seoul city view panorama from Namsan Mountain (49174492133).jpg","8192","1856","https://commons.wikimedia.org/wiki/File%3ASeoul_city_view_panorama_from_Namsan_Mountain_(49174492133).jpg","https://upload.wikimedia.org/wikipedia/commons/4/4b/Seoul_city_view_panorama_from_Namsan_Mountain_%2849174492133%29.jpg?utm_source=commons.wikimedia.org&utm_campaign=imageinfo&utm_content=original","https://upload.wikimedia.org/wikipedia/commons/thumb/4/4b/Seoul_city_view_panorama_from_Namsan_Mountain_%2849174492133%29.jpg/960px-Seoul_city_view_panorama_from_Namsan_Mountain_%2849174492133%29.jpg?utm_source=commons.wikimedia.org&utm_campaign=imageinfo&utm_content=thumbnail","CC BY-SA 2.0","https://creativecommons.org/licenses/by-sa/2.0","Matt Kieffer from London, United Kingdom","2019-04-12 19:05","search: Seoul panorama filetype:bitmap"
"29","파노라마","Tallest buildings 2022 whether or not FoP","File:Tallest buildings 2022 whether or not FoP.png","2902","1247","https://commons.wikimedia.org/wiki/File%3ATallest_buildings_2022_whether_or_not_FoP.png","https://upload.wikimedia.org/wikipedia/commons/9/96/Tallest_buildings_2022_whether_or_not_FoP.png?utm_source=commons.wikimedia.org&utm_campaign=imageinfo&utm_content=original","https://upload.wikimedia.org/wikipedia/commons/thumb/9/96/Tallest_buildings_2022_whether_or_not_FoP.png/960px-Tallest_buildings_2022_whether_or_not_FoP.png?utm_source=commons.wikimedia.org&utm_campaign=imageinfo&utm_content=thumbnail","CC BY-SA 4.0","https://creativecommons.org/licenses/by-sa/4.0","Original: Phoenix CZE Derivative work: Ox1997cow","2022-11-25","search: Lotte World Tower view Seoul filetype:bitmap"
"30","파노라마","Yeouido2025","File:Yeouido2025.jpg","2726","2045","https://commons.wikimedia.org/wiki/File%3AYeouido2025.jpg","https://upload.wikimedia.org/wikipedia/commons/4/45/Yeouido2025.jpg?utm_source=commons.wikimedia.org&utm_campaign=imageinfo&utm_content=original","https://upload.wikimedia.org/wikipedia/commons/thumb/4/45/Yeouido2025.jpg/960px-Yeouido2025.jpg?utm_source=commons.wikimedia.org&utm_campaign=imageinfo&utm_content=thumbnail","CC BY 4.0","https://creativecommons.org/licenses/by/4.0","Kimhs5400","2025-04-23 13:34:25","Category:Yeouido"
"31","한강 축","Han River Seoul skyline Pixabay 1214950","File:Han River Seoul skyline Pixabay 1214950.jpg","5964","2912","https://commons.wikimedia.org/wiki/File%3AHan_River_Seoul_skyline_Pixabay_1214950.jpg","https://upload.wikimedia.org/wikipedia/commons/c/cc/Han_River_Seoul_skyline_Pixabay_1214950.jpg?utm_source=commons.wikimedia.org&utm_campaign=imageinfo&utm_content=original","https://upload.wikimedia.org/wikipedia/commons/thumb/c/cc/Han_River_Seoul_skyline_Pixabay_1214950.jpg/960px-Han_River_Seoul_skyline_Pixabay_1214950.jpg?utm_source=commons.wikimedia.org&utm_campaign=imageinfo&utm_content=thumbnail","CC0","http://creativecommons.org/publicdomain/zero/1.0/deed.en","USAGI_POST","2010-10-09 13:22:40","Category:Skylines in Seoul"
"32","고지대 전경","Seoul Songpagu sunset","File:Seoul Songpagu sunset.jpg","5472","1986","https://commons.wikimedia.org/wiki/File%3ASeoul_Songpagu_sunset.jpg","https://upload.wikimedia.org/wikipedia/commons/f/f1/Seoul_Songpagu_sunset.jpg?utm_source=commons.wikimedia.org&utm_campaign=imageinfo&utm_content=original","https://upload.wikimedia.org/wikipedia/commons/thumb/f/f1/Seoul_Songpagu_sunset.jpg/960px-Seoul_Songpagu_sunset.jpg?utm_source=commons.wikimedia.org&utm_campaign=imageinfo&utm_content=thumbnail","CC0","http://creativecommons.org/publicdomain/zero/1.0/deed.en","cmmellow","2016-09-02 18:50:41","search: Seoul panorama filetype:bitmap"
"33","고지대 전경","Yeouido Skyline seen Yongsan Station 2023","File:Yeouido Skyline seen Yongsan Station 2023.jpg","4000","2252","https://commons.wikimedia.org/wiki/File%3AYeouido_Skyline_seen_Yongsan_Station_2023.jpg","https://upload.wikimedia.org/wikipedia/commons/5/5f/Yeouido_Skyline_seen_Yongsan_Station_2023.jpg?utm_source=commons.wikimedia.org&utm_campaign=imageinfo&utm_content=original","https://upload.wikimedia.org/wikipedia/commons/thumb/5/5f/Yeouido_Skyline_seen_Yongsan_Station_2023.jpg/960px-Yeouido_Skyline_seen_Yongsan_Station_2023.jpg?utm_source=commons.wikimedia.org&utm_campaign=imageinfo&utm_content=thumbnail","CC BY-SA 3.0","https://creativecommons.org/licenses/by-sa/3.0","Ox1997cow","2023-03-17 11:40:16","Category:Skylines in Seoul"
"34","고지대 전경","Namsan cityscape (cropped)","File:Namsan cityscape (cropped).jpg","2048","728","https://commons.wikimedia.org/wiki/File%3ANamsan_cityscape_(cropped).jpg","https://upload.wikimedia.org/wikipedia/commons/a/a5/Namsan_cityscape_%28cropped%29.jpg?utm_source=commons.wikimedia.org&utm_campaign=imageinfo&utm_content=original","https://upload.wikimedia.org/wikipedia/commons/thumb/a/a5/Namsan_cityscape_%28cropped%29.jpg/960px-Namsan_cityscape_%28cropped%29.jpg?utm_source=commons.wikimedia.org&utm_campaign=imageinfo&utm_content=thumbnail","CC BY-SA 3.0","http://creativecommons.org/licenses/by-sa/3.0/","Wolfgang Schaefer (photographer)","2005-05-07 07:30","search: Seoul cityscape filetype:bitmap"
"35","파노라마","Seoul 360°","File:Seoul 360°.jpg","23886","3973","https://commons.wikimedia.org/wiki/File%3ASeoul_360%C2%B0.jpg","https://upload.wikimedia.org/wikipedia/commons/1/16/Seoul_360%C2%B0.jpg?utm_source=commons.wikimedia.org&utm_campaign=imageinfo&utm_content=original","https://upload.wikimedia.org/wikipedia/commons/thumb/1/16/Seoul_360%C2%B0.jpg/960px-Seoul_360%C2%B0.jpg?utm_source=commons.wikimedia.org&utm_campaign=imageinfo&utm_content=thumbnail","CC BY 2.0","https://creativecommons.org/licenses/by/2.0","fxgsell","2010-11-29 22:11","Category:Cityscapes of Seoul"
"36","고지대 전경","Bongeunsa Seoul 4","File:Bongeunsa Seoul 4.jpg","7100","4800","https://commons.wikimedia.org/wiki/File%3ABongeunsa_Seoul_4.jpg","https://upload.wikimedia.org/wikipedia/commons/c/c4/Bongeunsa_Seoul_4.jpg?utm_source=commons.wikimedia.org&utm_campaign=imageinfo&utm_content=original","https://upload.wikimedia.org/wikipedia/commons/thumb/c/c4/Bongeunsa_Seoul_4.jpg/960px-Bongeunsa_Seoul_4.jpg?utm_source=commons.wikimedia.org&utm_campaign=imageinfo&utm_content=thumbnail","CC BY-SA 4.0","https://creativecommons.org/licenses/by-sa/4.0","kallerna","2022-12-06 10:40","search: Seoul panorama filetype:bitmap"
"37","파노라마","SeoulPanorama","File:SeoulPanorama.JPG","13088","2240","https://commons.wikimedia.org/wiki/File%3ASeoulPanorama.JPG","https://upload.wikimedia.org/wikipedia/commons/1/1f/SeoulPanorama.JPG?utm_source=commons.wikimedia.org&utm_campaign=imageinfo&utm_content=original","https://upload.wikimedia.org/wikipedia/commons/thumb/1/1f/SeoulPanorama.JPG/960px-SeoulPanorama.JPG?utm_source=commons.wikimedia.org&utm_campaign=imageinfo&utm_content=thumbnail","CC BY-SA 3.0","https://creativecommons.org/licenses/by-sa/3.0","Arne Hückelheim","2008-10-01","Category:Cityscapes of Seoul"
"38","고지대 전경","Bukchon-ro 11-gil 02","File:Bukchon-ro 11-gil 02.jpg","6016","4000","https://commons.wikimedia.org/wiki/File%3ABukchon-ro_11-gil_02.jpg","https://upload.wikimedia.org/wikipedia/commons/c/c8/Bukchon-ro_11-gil_02.jpg?utm_source=commons.wikimedia.org&utm_campaign=imageinfo&utm_content=original","https://upload.wikimedia.org/wikipedia/commons/thumb/c/c8/Bukchon-ro_11-gil_02.jpg/960px-Bukchon-ro_11-gil_02.jpg?utm_source=commons.wikimedia.org&utm_campaign=imageinfo&utm_content=thumbnail","CC BY-SA 4.0","https://creativecommons.org/licenses/by-sa/4.0","Tristan Surtel","2019-08-01 14:09:27","search: Seoul skyline filetype:bitmap"
"39","고지대 전경","Seoul city skyline at night from Namsan Mountain (49175035266)","File:Seoul city skyline at night from Namsan Mountain (49175035266).jpg","6000","4000","https://commons.wikimedia.org/wiki/File%3ASeoul_city_skyline_at_night_from_Namsan_Mountain_(49175035266).jpg","https://upload.wikimedia.org/wikipedia/commons/3/34/Seoul_city_skyline_at_night_from_Namsan_Mountain_%2849175035266%29.jpg?utm_source=commons.wikimedia.org&utm_campaign=imageinfo&utm_content=original","https://upload.wikimedia.org/wikipedia/commons/thumb/3/34/Seoul_city_skyline_at_night_from_Namsan_Mountain_%2849175035266%29.jpg/960px-Seoul_city_skyline_at_night_from_Namsan_Mountain_%2849175035266%29.jpg?utm_source=commons.wikimedia.org&utm_campaign=imageinfo&utm_content=thumbnail","CC BY-SA 2.0","https://creativecommons.org/licenses/by-sa/2.0","Matt Kieffer from London, United Kingdom","2019-04-12 20:51","search: Seoul skyline filetype:bitmap"
"40","고지대 전경","Seoul city skyline at night from Namsan Mountain (49174548523)","File:Seoul city skyline at night from Namsan Mountain (49174548523).jpg","6000","4000","https://commons.wikimedia.org/wiki/File%3ASeoul_city_skyline_at_night_from_Namsan_Mountain_(49174548523).jpg","https://upload.wikimedia.org/wikipedia/commons/7/73/Seoul_city_skyline_at_night_from_Namsan_Mountain_%2849174548523%29.jpg?utm_source=commons.wikimedia.org&utm_campaign=imageinfo&utm_content=original","https://upload.wikimedia.org/wikipedia/commons/thumb/7/73/Seoul_city_skyline_at_night_from_Namsan_Mountain_%2849174548523%29.jpg/960px-Seoul_city_skyline_at_night_from_Namsan_Mountain_%2849174548523%29.jpg?utm_source=commons.wikimedia.org&utm_campaign=imageinfo&utm_content=thumbnail","CC BY-SA 2.0","https://creativecommons.org/licenses/by-sa/2.0","Matt Kieffer from London, United Kingdom","2019-04-12 20:52","search: Seoul skyline filetype:bitmap"
"41","파노라마","Panoramic view of Hyangwonjeong Pavilion in its pond at Gyeongbokgung Palace with blue sky in Seoul","File:Panoramic view of Hyangwonjeong Pavilion in its pond at Gyeongbokgung Palace with blue sky in Seoul.jpg","6720","3360","https://commons.wikimedia.org/wiki/File%3APanoramic_view_of_Hyangwonjeong_Pavilion_in_its_pond_at_Gyeongbokgung_Palace_with_blue_sky_in_Seoul.jpg","https://upload.wikimedia.org/wikipedia/commons/b/ba/Panoramic_view_of_Hyangwonjeong_Pavilion_in_its_pond_at_Gyeongbokgung_Palace_with_blue_sky_in_Seoul.jpg?utm_source=commons.wikimedia.org&utm_campaign=imageinfo&utm_content=original","https://upload.wikimedia.org/wikipedia/commons/thumb/b/ba/Panoramic_view_of_Hyangwonjeong_Pavilion_in_its_pond_at_Gyeongbokgung_Palace_with_blue_sky_in_Seoul.jpg/960px-Panoramic_view_of_Hyangwonjeong_Pavilion_in_its_pond_at_Gyeongbokgung_Palace_with_blue_sky_in_Seoul.jpg?utm_source=commons.wikimedia.org&utm_campaign=imageinfo&utm_content=thumbnail","CC BY-SA 4.0","https://creativecommons.org/licenses/by-sa/4.0","Basile Morin","2024-06-05 09:46:01","search: Seoul panorama filetype:bitmap"
"42","고지대 전경","Skyline of Yeouido, a prominent finance district in Seoul","File:Skyline of Yeouido, a prominent finance district in Seoul.jpg","5328","4000","https://commons.wikimedia.org/wiki/File%3ASkyline_of_Yeouido%2C_a_prominent_finance_district_in_Seoul.jpg","https://upload.wikimedia.org/wikipedia/commons/c/c9/Skyline_of_Yeouido%2C_a_prominent_finance_district_in_Seoul.jpg?utm_source=commons.wikimedia.org&utm_campaign=imageinfo&utm_content=original","https://upload.wikimedia.org/wikipedia/commons/thumb/c/c9/Skyline_of_Yeouido%2C_a_prominent_finance_district_in_Seoul.jpg/960px-Skyline_of_Yeouido%2C_a_prominent_finance_district_in_Seoul.jpg?utm_source=commons.wikimedia.org&utm_campaign=imageinfo&utm_content=thumbnail","CC BY 4.0","https://creativecommons.org/licenses/by/4.0","S h y numis","2024-03-26 16:32:34","Category:Yeouido"
"43","한강 축","Seocho-gu Skyline from Han River — Dec 2023","File:Seocho-gu Skyline from Han River — Dec 2023.jpg","4032","3024","https://commons.wikimedia.org/wiki/File%3ASeocho-gu_Skyline_from_Han_River_%E2%80%94_Dec_2023.jpg","https://upload.wikimedia.org/wikipedia/commons/3/30/Seocho-gu_Skyline_from_Han_River_%E2%80%94_Dec_2023.jpg?utm_source=commons.wikimedia.org&utm_campaign=imageinfo&utm_content=original","https://upload.wikimedia.org/wikipedia/commons/thumb/3/30/Seocho-gu_Skyline_from_Han_River_%E2%80%94_Dec_2023.jpg/960px-Seocho-gu_Skyline_from_Han_River_%E2%80%94_Dec_2023.jpg?utm_source=commons.wikimedia.org&utm_campaign=imageinfo&utm_content=thumbnail","CC0","http://creativecommons.org/publicdomain/zero/1.0/deed.en","SpaceshipMe","2023-12-12 17:00:43","Category:Skylines in Seoul"
"44","한강 축","Seoul night skyline 2018","File:Seoul night skyline 2018.jpg","4032","3024","https://commons.wikimedia.org/wiki/File%3ASeoul_night_skyline_2018.jpg","https://upload.wikimedia.org/wikipedia/commons/5/56/Seoul_night_skyline_2018.jpg?utm_source=commons.wikimedia.org&utm_campaign=imageinfo&utm_content=original","https://upload.wikimedia.org/wikipedia/commons/thumb/5/56/Seoul_night_skyline_2018.jpg/960px-Seoul_night_skyline_2018.jpg?utm_source=commons.wikimedia.org&utm_campaign=imageinfo&utm_content=thumbnail","CC BY-SA 4.0","https://creativecommons.org/licenses/by-sa/4.0","Takipoint123","2018-07-16","search: Seoul skyline filetype:bitmap"
"45","고지대 전경","View of Yeouido skyline from Mapo Bridge","File:View of Yeouido skyline from Mapo Bridge.jpg","4032","3024","https://commons.wikimedia.org/wiki/File%3AView_of_Yeouido_skyline_from_Mapo_Bridge.jpg","https://upload.wikimedia.org/wikipedia/commons/b/b1/View_of_Yeouido_skyline_from_Mapo_Bridge.jpg?utm_source=commons.wikimedia.org&utm_campaign=imageinfo&utm_content=original","https://upload.wikimedia.org/wikipedia/commons/thumb/b/b1/View_of_Yeouido_skyline_from_Mapo_Bridge.jpg/960px-View_of_Yeouido_skyline_from_Mapo_Bridge.jpg?utm_source=commons.wikimedia.org&utm_campaign=imageinfo&utm_content=thumbnail","CC BY-SA 4.0","https://creativecommons.org/licenses/by-sa/4.0","*Youngjin","2023-07-22 09:50:10","search: Seoul skyline filetype:bitmap"
"46","한강 축","여의도에서 서울의 스카이 라인 Seoul Skyline from Hangang Park - panoramio","File:여의도에서 서울의 스카이 라인 Seoul Skyline from Hangang Park - panoramio.jpg","4000","2664","https://commons.wikimedia.org/wiki/File%3A%EC%97%AC%EC%9D%98%EB%8F%84%EC%97%90%EC%84%9C_%EC%84%9C%EC%9A%B8%EC%9D%98_%EC%8A%A4%EC%B9%B4%EC%9D%B4_%EB%9D%BC%EC%9D%B8_Seoul_Skyline_from_Hangang_Park_-_panoramio.jpg","https://upload.wikimedia.org/wikipedia/commons/b/ba/%EC%97%AC%EC%9D%98%EB%8F%84%EC%97%90%EC%84%9C_%EC%84%9C%EC%9A%B8%EC%9D%98_%EC%8A%A4%EC%B9%B4%EC%9D%B4_%EB%9D%BC%EC%9D%B8_Seoul_Skyline_from_Hangang_Park_-_panoramio.jpg?utm_source=commons.wikimedia.org&utm_campaign=imageinfo&utm_content=original","https://upload.wikimedia.org/wikipedia/commons/thumb/b/ba/%EC%97%AC%EC%9D%98%EB%8F%84%EC%97%90%EC%84%9C_%EC%84%9C%EC%9A%B8%EC%9D%98_%EC%8A%A4%EC%B9%B4%EC%9D%B4_%EB%9D%BC%EC%9D%B8_Seoul_Skyline_from_Hangang_Park_-_panoramio.jpg/960px-%EC%97%AC%EC%9D%98%EB%8F%84%EC%97%90%EC%84%9C_%EC%84%9C%EC%9A%B8%EC%9D%98_%EC%8A%A4%EC%B9%B4%EC%9D%B4_%EB%9D%BC%EC%9D%B8_Seoul_Skyline_from_Hangang_Park_-_panoramio.jpg?utm_source=commons.wikimedia.org&utm_campaign=imageinfo&utm_content=thumbnail","CC BY 3.0","https://creativecommons.org/licenses/by/3.0","Bohao Zhao","Taken on 17 May 2013","search: Seoul skyline filetype:bitmap"
"47","한강 축","Cityscape of Jung-gu Seoul Station Square 20240219","File:Cityscape of Jung-gu Seoul Station Square 20240219.jpg","3649","2747","https://commons.wikimedia.org/wiki/File%3ACityscape_of_Jung-gu_Seoul_Station_Square_20240219.jpg","https://upload.wikimedia.org/wikipedia/commons/1/18/Cityscape_of_Jung-gu_Seoul_Station_Square_20240219.jpg?utm_source=commons.wikimedia.org&utm_campaign=imageinfo&utm_content=original","https://upload.wikimedia.org/wikipedia/commons/thumb/1/18/Cityscape_of_Jung-gu_Seoul_Station_Square_20240219.jpg/960px-Cityscape_of_Jung-gu_Seoul_Station_Square_20240219.jpg?utm_source=commons.wikimedia.org&utm_campaign=imageinfo&utm_content=thumbnail","CC BY 4.0","https://creativecommons.org/licenses/by/4.0","Sean Young (@assanges)","2024-02-19 13:50:08","search: Seoul cityscape filetype:bitmap"
"48","파노라마","Seoul National Cemetery panorama","File:Seoul National Cemetery panorama.jpg","6325","1580","https://commons.wikimedia.org/wiki/File%3ASeoul_National_Cemetery_panorama.jpg","https://upload.wikimedia.org/wikipedia/commons/7/7d/Seoul_National_Cemetery_panorama.jpg?utm_source=commons.wikimedia.org&utm_campaign=imageinfo&utm_content=original","https://upload.wikimedia.org/wikipedia/commons/thumb/7/7d/Seoul_National_Cemetery_panorama.jpg/960px-Seoul_National_Cemetery_panorama.jpg?utm_source=commons.wikimedia.org&utm_campaign=imageinfo&utm_content=thumbnail","CC BY-SA 3.0","https://creativecommons.org/licenses/by-sa/3.0","LinasD","2011-04-24","search: Seoul panorama filetype:bitmap"
"49","고지대 전경","Downtown Seoul and Namsan in 1911","File:Downtown Seoul and Namsan in 1911.jpg","2378","3404","https://commons.wikimedia.org/wiki/File%3ADowntown_Seoul_and_Namsan_in_1911.jpg","https://upload.wikimedia.org/wikipedia/commons/4/48/Downtown_Seoul_and_Namsan_in_1911.jpg?utm_source=commons.wikimedia.org&utm_campaign=imageinfo&utm_content=original","https://upload.wikimedia.org/wikipedia/commons/thumb/4/48/Downtown_Seoul_and_Namsan_in_1911.jpg/960px-Downtown_Seoul_and_Namsan_in_1911.jpg?utm_source=commons.wikimedia.org&utm_campaign=imageinfo&utm_content=thumbnail","Public domain","","Underwood & Underwood","circa 1911 date QS:P,+1911-00-00T00:00:00Z/9,P1480,Q5727902","search: Seoul cityscape filetype:bitmap"
"50","고지대 전경","Seoul-Cityscape-04","File:Seoul-Cityscape-04.jpg","3072","2304","https://commons.wikimedia.org/wiki/File%3ASeoul-Cityscape-04.jpg","https://upload.wikimedia.org/wikipedia/commons/0/04/Seoul-Cityscape-04.jpg?utm_source=commons.wikimedia.org&utm_campaign=imageinfo&utm_content=original","https://upload.wikimedia.org/wikipedia/commons/thumb/0/04/Seoul-Cityscape-04.jpg/960px-Seoul-Cityscape-04.jpg?utm_source=commons.wikimedia.org&utm_campaign=imageinfo&utm_content=thumbnail","CC BY-SA 3.0","http://creativecommons.org/licenses/by-sa/3.0/","NHRHS2010","6 August 2007 (according to Exif data)","Category:Views from N Seoul Tower"
"51","파노라마","Panorama of Seoul Youngdengpo Elementary School at Entrance Spot","File:Panorama of Seoul Youngdengpo Elementary School at Entrance Spot.jpg","4202","1637","https://commons.wikimedia.org/wiki/File%3APanorama_of_Seoul_Youngdengpo_Elementary_School_at_Entrance_Spot.jpg","https://upload.wikimedia.org/wikipedia/commons/9/9e/Panorama_of_Seoul_Youngdengpo_Elementary_School_at_Entrance_Spot.jpg?utm_source=commons.wikimedia.org&utm_campaign=imageinfo&utm_content=original","https://upload.wikimedia.org/wikipedia/commons/thumb/9/9e/Panorama_of_Seoul_Youngdengpo_Elementary_School_at_Entrance_Spot.jpg/960px-Panorama_of_Seoul_Youngdengpo_Elementary_School_at_Entrance_Spot.jpg?utm_source=commons.wikimedia.org&utm_campaign=imageinfo&utm_content=thumbnail","CC BY-SA 3.0","https://creativecommons.org/licenses/by-sa/3.0","호로조","2022-05-11 18:11:44","search: Seoul panorama filetype:bitmap"
"52","고지대 전경","Seoul, South Korea 🇰🇷 - Cityscape 2026","File:Seoul, South Korea 🇰🇷 - Cityscape 2026.jpg","2628","1952","https://commons.wikimedia.org/wiki/File%3ASeoul%2C_South_Korea_%F0%9F%87%B0%F0%9F%87%B7_-_Cityscape_2026.jpg","https://upload.wikimedia.org/wikipedia/commons/5/5f/Seoul%2C_South_Korea_%F0%9F%87%B0%F0%9F%87%B7_-_Cityscape_2026.jpg?utm_source=commons.wikimedia.org&utm_campaign=imageinfo&utm_content=original","https://upload.wikimedia.org/wikipedia/commons/thumb/5/5f/Seoul%2C_South_Korea_%F0%9F%87%B0%F0%9F%87%B7_-_Cityscape_2026.jpg/960px-Seoul%2C_South_Korea_%F0%9F%87%B0%F0%9F%87%B7_-_Cityscape_2026.jpg?utm_source=commons.wikimedia.org&utm_campaign=imageinfo&utm_content=thumbnail","CC BY 4.0","https://creativecommons.org/licenses/by/4.0","Sharon Hahn Darlin","2026-04-05 18:13:14","search: Seoul cityscape filetype:bitmap"
"53","파노라마","Seoul panorama","File:Seoul panorama.jpg","2500","1163","https://commons.wikimedia.org/wiki/File%3ASeoul_panorama.jpg","https://upload.wikimedia.org/wikipedia/commons/6/6e/Seoul_panorama.jpg?utm_source=commons.wikimedia.org&utm_campaign=imageinfo&utm_content=original","https://upload.wikimedia.org/wikipedia/commons/thumb/6/6e/Seoul_panorama.jpg/960px-Seoul_panorama.jpg?utm_source=commons.wikimedia.org&utm_campaign=imageinfo&utm_content=thumbnail","CC BY-SA 3.0","https://creativecommons.org/licenses/by-sa/3.0","Oleg Kurtsev","2012-06-16","Category:Cityscapes of Seoul"
"54","파노라마","Seoul panorama 14","File:Seoul panorama 14.jpg","2300","1219","https://commons.wikimedia.org/wiki/File%3ASeoul_panorama_14.jpg","https://upload.wikimedia.org/wikipedia/commons/e/e6/Seoul_panorama_14.jpg?utm_source=commons.wikimedia.org&utm_campaign=imageinfo&utm_content=original","https://upload.wikimedia.org/wikipedia/commons/thumb/e/e6/Seoul_panorama_14.jpg/960px-Seoul_panorama_14.jpg?utm_source=commons.wikimedia.org&utm_campaign=imageinfo&utm_content=thumbnail","CC BY-SA 3.0","https://creativecommons.org/licenses/by-sa/3.0","Oleg Kurtsev","2012-06-16","Category:Cityscapes of Seoul"
"55","고지대 전경","Night View","File:Night View (127028137).jpeg","2048","1365","https://commons.wikimedia.org/wiki/File%3ANight_View_(127028137).jpeg","https://upload.wikimedia.org/wikipedia/commons/2/27/Night_View_%28127028137%29.jpeg?utm_source=commons.wikimedia.org&utm_campaign=imageinfo&utm_content=original","https://upload.wikimedia.org/wikipedia/commons/thumb/2/27/Night_View_%28127028137%29.jpeg/960px-Night_View_%28127028137%29.jpeg?utm_source=commons.wikimedia.org&utm_campaign=imageinfo&utm_content=thumbnail","CC BY 3.0","https://creativecommons.org/licenses/by/3.0","Ji Won Eum","17 October 2015, 02:57:14 (UTC)","Category:Views from N Seoul Tower"
"56","파노라마","Seoul panorama 11","File:Seoul panorama 11.jpg","2000","1125","https://commons.wikimedia.org/wiki/File%3ASeoul_panorama_11.jpg","https://upload.wikimedia.org/wikipedia/commons/8/84/Seoul_panorama_11.jpg?utm_source=commons.wikimedia.org&utm_campaign=imageinfo&utm_content=original","https://upload.wikimedia.org/wikipedia/commons/thumb/8/84/Seoul_panorama_11.jpg/960px-Seoul_panorama_11.jpg?utm_source=commons.wikimedia.org&utm_campaign=imageinfo&utm_content=thumbnail","CC BY-SA 3.0","https://creativecommons.org/licenses/by-sa/3.0","Oleg Kurtsev","2012-06-16","Category:Cityscapes of Seoul"
"57","파노라마","Panorama from Minister Sands' Garden","File:Panorama from Minister Sands' Garden.png","2314","876","https://commons.wikimedia.org/wiki/File%3APanorama_from_Minister_Sands'_Garden.png","https://upload.wikimedia.org/wikipedia/commons/7/73/Panorama_from_Minister_Sands%27_Garden.png?utm_source=commons.wikimedia.org&utm_campaign=imageinfo&utm_content=original","https://upload.wikimedia.org/wikipedia/commons/thumb/7/73/Panorama_from_Minister_Sands%27_Garden.png/960px-Panorama_from_Minister_Sands%27_Garden.png?utm_source=commons.wikimedia.org&utm_campaign=imageinfo&utm_content=thumbnail","Public domain","","Burton Holmes","1899","search: Seoul panorama filetype:bitmap"
"58","파노라마","Panoramic View from 63 Building in Seoul - panoramio","File:Panoramic View from 63 Building in Seoul - panoramio.jpg","2935","663","https://commons.wikimedia.org/wiki/File%3APanoramic_View_from_63_Building_in_Seoul_-_panoramio.jpg","https://upload.wikimedia.org/wikipedia/commons/c/c9/Panoramic_View_from_63_Building_in_Seoul_-_panoramio.jpg?utm_source=commons.wikimedia.org&utm_campaign=imageinfo&utm_content=original","https://upload.wikimedia.org/wikipedia/commons/thumb/c/c9/Panoramic_View_from_63_Building_in_Seoul_-_panoramio.jpg/960px-Panoramic_View_from_63_Building_in_Seoul_-_panoramio.jpg?utm_source=commons.wikimedia.org&utm_campaign=imageinfo&utm_content=thumbnail","CC BY-SA 3.0","https://creativecommons.org/licenses/by-sa/3.0","dokaspar","17 October 2007 (original upload date)","Category:Skylines in Seoul"
"59","파노라마","Seoul panorama 13","File:Seoul panorama 13.jpg","1800","1013","https://commons.wikimedia.org/wiki/File%3ASeoul_panorama_13.jpg","https://upload.wikimedia.org/wikipedia/commons/0/0a/Seoul_panorama_13.jpg?utm_source=commons.wikimedia.org&utm_campaign=imageinfo&utm_content=original","https://upload.wikimedia.org/wikipedia/commons/thumb/0/0a/Seoul_panorama_13.jpg/960px-Seoul_panorama_13.jpg?utm_source=commons.wikimedia.org&utm_campaign=imageinfo&utm_content=thumbnail","CC BY-SA 3.0","https://creativecommons.org/licenses/by-sa/3.0","Oleg Kurtsev","2012-06-16","Category:Cityscapes of Seoul"
"60","고지대 전경","Lotte World Tower and Namsan Tower in Seoul","File:Lotte World Tower and Namsan Tower in Seoul.jpg","1721","833","https://commons.wikimedia.org/wiki/File%3ALotte_World_Tower_and_Namsan_Tower_in_Seoul.jpg","https://upload.wikimedia.org/wikipedia/commons/4/4b/Lotte_World_Tower_and_Namsan_Tower_in_Seoul.jpg?utm_source=commons.wikimedia.org&utm_campaign=imageinfo&utm_content=original","https://upload.wikimedia.org/wikipedia/commons/thumb/4/4b/Lotte_World_Tower_and_Namsan_Tower_in_Seoul.jpg/960px-Lotte_World_Tower_and_Namsan_Tower_in_Seoul.jpg?utm_source=commons.wikimedia.org&utm_campaign=imageinfo&utm_content=thumbnail","CC BY-SA 4.0","https://creativecommons.org/licenses/by-sa/4.0","Arturbraun","Taken on 7 October 2017 13:58:21","search: Seoul skyline filetype:bitmap"
"61","고지대 전경","Yeouido","File:Yeouido.png","1280","677","https://commons.wikimedia.org/wiki/File%3AYeouido.png","https://upload.wikimedia.org/wikipedia/commons/6/65/Yeouido.png?utm_source=commons.wikimedia.org&utm_campaign=imageinfo&utm_content=original","https://upload.wikimedia.org/wikipedia/commons/thumb/6/65/Yeouido.png/960px-Yeouido.png?utm_source=commons.wikimedia.org&utm_campaign=imageinfo&utm_content=thumbnail","CC0","http://creativecommons.org/publicdomain/zero/1.0/deed.en","pixabay: @heecheol890102","2016-08-10","Category:Yeouido"
"62","고지대 전경","Seoul Skyline from Namsan (6907572103)","File:Seoul Skyline from Namsan (6907572103).jpg","1000","528","https://commons.wikimedia.org/wiki/File%3ASeoul_Skyline_from_Namsan_(6907572103).jpg","https://upload.wikimedia.org/wikipedia/commons/e/e5/Seoul_Skyline_from_Namsan_%286907572103%29.jpg?utm_source=commons.wikimedia.org&utm_campaign=imageinfo&utm_content=original","https://upload.wikimedia.org/wikipedia/commons/thumb/e/e5/Seoul_Skyline_from_Namsan_%286907572103%29.jpg/960px-Seoul_Skyline_from_Namsan_%286907572103%29.jpg?utm_source=commons.wikimedia.org&utm_campaign=imageinfo&utm_content=thumbnail","CC BY-SA 2.0","https://creativecommons.org/licenses/by-sa/2.0","Jimmy McIntyre - Editor HDR One Magazine","Taken on 18 February 2012, 18:05","Category:Cityscapes of Seoul"
"63","한강 축","63 Building and Yeouido Han River Park at Night","File:63 Building and Yeouido Han River Park at Night.jpg","5312","2988","https://commons.wikimedia.org/wiki/File%3A63_Building_and_Yeouido_Han_River_Park_at_Night.jpg","https://upload.wikimedia.org/wikipedia/commons/d/d7/63_Building_and_Yeouido_Han_River_Park_at_Night.jpg?utm_source=commons.wikimedia.org&utm_campaign=imageinfo&utm_content=original","https://upload.wikimedia.org/wikipedia/commons/thumb/d/d7/63_Building_and_Yeouido_Han_River_Park_at_Night.jpg/960px-63_Building_and_Yeouido_Han_River_Park_at_Night.jpg?utm_source=commons.wikimedia.org&utm_campaign=imageinfo&utm_content=thumbnail","CC BY 2.0","https://creativecommons.org/licenses/by/2.0","Patrick Park","2015-11-29 00:56:19","search: Han River Seoul panorama filetype:bitmap"
"64","한강 축","Han River and Lotte World Tower","File:Han River and Lotte World Tower.jpg","5218","2935","https://commons.wikimedia.org/wiki/File%3AHan_River_and_Lotte_World_Tower.jpg","https://upload.wikimedia.org/wikipedia/commons/9/9c/Han_River_and_Lotte_World_Tower.jpg?utm_source=commons.wikimedia.org&utm_campaign=imageinfo&utm_content=original","https://upload.wikimedia.org/wikipedia/commons/thumb/9/9c/Han_River_and_Lotte_World_Tower.jpg/960px-Han_River_and_Lotte_World_Tower.jpg?utm_source=commons.wikimedia.org&utm_campaign=imageinfo&utm_content=thumbnail","CC0","http://creativecommons.org/publicdomain/zero/1.0/deed.en","mauveine.kim","2018-08-14","search: Han River Seoul panorama filetype:bitmap"
"65","한강 축","Hangang Railway Bridge and Yeouido","File:Hangang Railway Bridge and Yeouido.jpg","4032","1960","https://commons.wikimedia.org/wiki/File%3AHangang_Railway_Bridge_and_Yeouido.jpg","https://upload.wikimedia.org/wikipedia/commons/a/a3/Hangang_Railway_Bridge_and_Yeouido.jpg?utm_source=commons.wikimedia.org&utm_campaign=imageinfo&utm_content=original","https://upload.wikimedia.org/wikipedia/commons/thumb/a/a3/Hangang_Railway_Bridge_and_Yeouido.jpg/960px-Hangang_Railway_Bridge_and_Yeouido.jpg?utm_source=commons.wikimedia.org&utm_campaign=imageinfo&utm_content=thumbnail","CC BY-SA 3.0","https://creativecommons.org/licenses/by-sa/3.0","Ox1997cow","24 June 2019 (according to Exif data)","Category:Yeouido"
"66","한강 축","Yeouido Skyscrapers 2019","File:Yeouido Skyscrapers 2019.jpg","4032","1960","https://commons.wikimedia.org/wiki/File%3AYeouido_Skyscrapers_2019.jpg","https://upload.wikimedia.org/wikipedia/commons/2/2b/Yeouido_Skyscrapers_2019.jpg?utm_source=commons.wikimedia.org&utm_campaign=imageinfo&utm_content=original","https://upload.wikimedia.org/wikipedia/commons/thumb/2/2b/Yeouido_Skyscrapers_2019.jpg/960px-Yeouido_Skyscrapers_2019.jpg?utm_source=commons.wikimedia.org&utm_campaign=imageinfo&utm_content=thumbnail","CC BY 3.0","https://creativecommons.org/licenses/by/3.0","Ox1997cow","2019-04-21 18:19:43","Category:Yeouido"
"67","파노라마","The speech on the copyright and panorama at WikiConference Seoul 2016","File:The speech on the copyright and panorama at WikiConference Seoul 2016.jpg","6000","4000","https://commons.wikimedia.org/wiki/File%3AThe_speech_on_the_copyright_and_panorama_at_WikiConference_Seoul_2016.jpg","https://upload.wikimedia.org/wikipedia/commons/e/ec/The_speech_on_the_copyright_and_panorama_at_WikiConference_Seoul_2016.jpg?utm_source=commons.wikimedia.org&utm_campaign=imageinfo&utm_content=original","https://upload.wikimedia.org/wikipedia/commons/thumb/e/ec/The_speech_on_the_copyright_and_panorama_at_WikiConference_Seoul_2016.jpg/960px-The_speech_on_the_copyright_and_panorama_at_WikiConference_Seoul_2016.jpg?utm_source=commons.wikimedia.org&utm_campaign=imageinfo&utm_content=thumbnail","CC BY-SA 4.0","https://creativecommons.org/licenses/by-sa/4.0","Jjw","2016-07-23 20:13:58","search: Seoul panorama filetype:bitmap"
"68","파노라마","October Welcome Backstrike City - Panorama Tower Seoul Korea - Master Asia Photography 2012 Truth the Colors of Gate Eden - panoramio (1)","File:October Welcome Backstrike City - Panorama Tower Seoul Korea - Master Asia Photography 2012 Truth the Colors of Gate Eden - panoramio (1).jpg","4126","3126","https://commons.wikimedia.org/wiki/File%3AOctober_Welcome_Backstrike_City_-_Panorama_Tower_Seoul_Korea_-_Master_Asia_Photography_2012_Truth_the_Colors_of_Gate_Eden_-_panoramio_(1).jpg","https://upload.wikimedia.org/wikipedia/commons/d/d5/October_Welcome_Backstrike_City_-_Panorama_Tower_Seoul_Korea_-_Master_Asia_Photography_2012_Truth_the_Colors_of_Gate_Eden_-_panoramio_%281%29.jpg?utm_source=commons.wikimedia.org&utm_campaign=imageinfo&utm_content=original","https://upload.wikimedia.org/wikipedia/commons/thumb/d/d5/October_Welcome_Backstrike_City_-_Panorama_Tower_Seoul_Korea_-_Master_Asia_Photography_2012_Truth_the_Colors_of_Gate_Eden_-_panoramio_%281%29.jpg/960px-October_Welcome_Backstrike_City_-_Panorama_Tower_Seoul_Korea_-_Master_Asia_Photography_2012_Truth_the_Colors_of_Gate_Eden_-_panoramio_%281%29.jpg?utm_source=commons.wikimedia.org&utm_campaign=imageinfo&utm_content=thumbnail","CC BY 3.0","https://creativecommons.org/licenses/by/3.0","pictures Jettcom","Taken on 28 September 2012","Category:Views from N Seoul Tower"
"69","파노라마","October Welcome Backstrike City - Panorama Tower Seoul Korea - Master Asia Photography 2012 Truth the Colors of Gate Eden - panoramio (2)","File:October Welcome Backstrike City - Panorama Tower Seoul Korea - Master Asia Photography 2012 Truth the Colors of Gate Eden - panoramio (2).jpg","4126","3126","https://commons.wikimedia.org/wiki/File%3AOctober_Welcome_Backstrike_City_-_Panorama_Tower_Seoul_Korea_-_Master_Asia_Photography_2012_Truth_the_Colors_of_Gate_Eden_-_panoramio_(2).jpg","https://upload.wikimedia.org/wikipedia/commons/8/8b/October_Welcome_Backstrike_City_-_Panorama_Tower_Seoul_Korea_-_Master_Asia_Photography_2012_Truth_the_Colors_of_Gate_Eden_-_panoramio_%282%29.jpg?utm_source=commons.wikimedia.org&utm_campaign=imageinfo&utm_content=original","https://upload.wikimedia.org/wikipedia/commons/thumb/8/8b/October_Welcome_Backstrike_City_-_Panorama_Tower_Seoul_Korea_-_Master_Asia_Photography_2012_Truth_the_Colors_of_Gate_Eden_-_panoramio_%282%29.jpg/960px-October_Welcome_Backstrike_City_-_Panorama_Tower_Seoul_Korea_-_Master_Asia_Photography_2012_Truth_the_Colors_of_Gate_Eden_-_panoramio_%282%29.jpg?utm_source=commons.wikimedia.org&utm_campaign=imageinfo&utm_content=thumbnail","CC BY 3.0","https://creativecommons.org/licenses/by/3.0","pictures Jettcom","Taken on 28 September 2012","Category:Views from N Seoul Tower"
"70","파노라마","October Welcome Backstrike City - Panorama Tower Seoul Korea - Master Asia Photography 2012 Truth the Colors of Gate Eden - panoramio (3)","File:October Welcome Backstrike City - Panorama Tower Seoul Korea - Master Asia Photography 2012 Truth the Colors of Gate Eden - panoramio (3).jpg","4126","3126","https://commons.wikimedia.org/wiki/File%3AOctober_Welcome_Backstrike_City_-_Panorama_Tower_Seoul_Korea_-_Master_Asia_Photography_2012_Truth_the_Colors_of_Gate_Eden_-_panoramio_(3).jpg","https://upload.wikimedia.org/wikipedia/commons/0/0b/October_Welcome_Backstrike_City_-_Panorama_Tower_Seoul_Korea_-_Master_Asia_Photography_2012_Truth_the_Colors_of_Gate_Eden_-_panoramio_%283%29.jpg?utm_source=commons.wikimedia.org&utm_campaign=imageinfo&utm_content=original","https://upload.wikimedia.org/wikipedia/commons/thumb/0/0b/October_Welcome_Backstrike_City_-_Panorama_Tower_Seoul_Korea_-_Master_Asia_Photography_2012_Truth_the_Colors_of_Gate_Eden_-_panoramio_%283%29.jpg/960px-October_Welcome_Backstrike_City_-_Panorama_Tower_Seoul_Korea_-_Master_Asia_Photography_2012_Truth_the_Colors_of_Gate_Eden_-_panoramio_%283%29.jpg?utm_source=commons.wikimedia.org&utm_campaign=imageinfo&utm_content=thumbnail","CC BY 3.0","https://creativecommons.org/licenses/by/3.0","pictures Jettcom","Taken on 1 October 2012","Category:Yeouido"
"71","파노라마","October Welcome Backstrike City - Panorama Tower Seoul Korea - Master Asia Photography 2012 Truth the Colors of Gate Eden - panoramio","File:October Welcome Backstrike City - Panorama Tower Seoul Korea - Master Asia Photography 2012 Truth the Colors of Gate Eden - panoramio.jpg","4126","3126","https://commons.wikimedia.org/wiki/File%3AOctober_Welcome_Backstrike_City_-_Panorama_Tower_Seoul_Korea_-_Master_Asia_Photography_2012_Truth_the_Colors_of_Gate_Eden_-_panoramio.jpg","https://upload.wikimedia.org/wikipedia/commons/c/cc/October_Welcome_Backstrike_City_-_Panorama_Tower_Seoul_Korea_-_Master_Asia_Photography_2012_Truth_the_Colors_of_Gate_Eden_-_panoramio.jpg?utm_source=commons.wikimedia.org&utm_campaign=imageinfo&utm_content=original","https://upload.wikimedia.org/wikipedia/commons/thumb/c/cc/October_Welcome_Backstrike_City_-_Panorama_Tower_Seoul_Korea_-_Master_Asia_Photography_2012_Truth_the_Colors_of_Gate_Eden_-_panoramio.jpg/960px-October_Welcome_Backstrike_City_-_Panorama_Tower_Seoul_Korea_-_Master_Asia_Photography_2012_Truth_the_Colors_of_Gate_Eden_-_panoramio.jpg?utm_source=commons.wikimedia.org&utm_campaign=imageinfo&utm_content=thumbnail","CC BY 3.0","https://creativecommons.org/licenses/by/3.0","pictures Jettcom","Taken on 28 September 2012","search: Seoul panorama filetype:bitmap"
"72","파노라마","October Welcome Backstrike City - Panorama Tower Seoul Korea - Master Asia Photography 2012 Truth the Colors of Gate Eden , Rainbow Warriors - panoramio","File:October Welcome Backstrike City - Panorama Tower Seoul Korea - Master Asia Photography 2012 Truth the Colors of Gate Eden , Rainbow Warriors - panoramio.jpg","4126","3126","https://commons.wikimedia.org/wiki/File%3AOctober_Welcome_Backstrike_City_-_Panorama_Tower_Seoul_Korea_-_Master_Asia_Photography_2012_Truth_the_Colors_of_Gate_Eden_%2C_Rainbow_Warriors_-_panoramio.jpg","https://upload.wikimedia.org/wikipedia/commons/d/dd/October_Welcome_Backstrike_City_-_Panorama_Tower_Seoul_Korea_-_Master_Asia_Photography_2012_Truth_the_Colors_of_Gate_Eden_%2C_Rainbow_Warriors_-_panoramio.jpg?utm_source=commons.wikimedia.org&utm_campaign=imageinfo&utm_content=original","https://upload.wikimedia.org/wikipedia/commons/thumb/d/dd/October_Welcome_Backstrike_City_-_Panorama_Tower_Seoul_Korea_-_Master_Asia_Photography_2012_Truth_the_Colors_of_Gate_Eden_%2C_Rainbow_Warriors_-_panoramio.jpg/960px-October_Welcome_Backstrike_City_-_Panorama_Tower_Seoul_Korea_-_Master_Asia_Photography_2012_Truth_the_Colors_of_Gate_Eden_%2C_Rainbow_Warriors_-_panoramio.jpg?utm_source=commons.wikimedia.org&utm_campaign=imageinfo&utm_content=thumbnail","CC BY 3.0","https://creativecommons.org/licenses/by/3.0","pictures Jettcom","Taken on 1 October 2012","search: Seoul panorama filetype:bitmap"
"73","파노라마","October Welcome Backstrike City - Panorama Tower Seoul Korea - Master Asia Photography 2012 Truth the Colors of Gate Eden , Rainbow Warriors - panoramio (1)","File:October Welcome Backstrike City - Panorama Tower Seoul Korea - Master Asia Photography 2012 Truth the Colors of Gate Eden , Rainbow Warriors - panoramio (1).jpg","4126","3126","https://commons.wikimedia.org/wiki/File%3AOctober_Welcome_Backstrike_City_-_Panorama_Tower_Seoul_Korea_-_Master_Asia_Photography_2012_Truth_the_Colors_of_Gate_Eden_%2C_Rainbow_Warriors_-_panoramio_(1).jpg","https://upload.wikimedia.org/wikipedia/commons/6/60/October_Welcome_Backstrike_City_-_Panorama_Tower_Seoul_Korea_-_Master_Asia_Photography_2012_Truth_the_Colors_of_Gate_Eden_%2C_Rainbow_Warriors_-_panoramio_%281%29.jpg?utm_source=commons.wikimedia.org&utm_campaign=imageinfo&utm_content=original","https://upload.wikimedia.org/wikipedia/commons/thumb/6/60/October_Welcome_Backstrike_City_-_Panorama_Tower_Seoul_Korea_-_Master_Asia_Photography_2012_Truth_the_Colors_of_Gate_Eden_%2C_Rainbow_Warriors_-_panoramio_%281%29.jpg/960px-October_Welcome_Backstrike_City_-_Panorama_Tower_Seoul_Korea_-_Master_Asia_Photography_2012_Truth_the_Colors_of_Gate_Eden_%2C_Rainbow_Warriors_-_panoramio_%281%29.jpg?utm_source=commons.wikimedia.org&utm_campaign=imageinfo&utm_content=thumbnail","CC BY 3.0","https://creativecommons.org/licenses/by/3.0","pictures Jettcom","Taken on 1 October 2012","search: Seoul panorama filetype:bitmap"
"74","파노라마","October Welcome Backstrike City - Panorama Tower Seoul Korea - Master Asia Photography 2012 Truth the Colors of Gate Eden - panoramio (4)","File:October Welcome Backstrike City - Panorama Tower Seoul Korea - Master Asia Photography 2012 Truth the Colors of Gate Eden - panoramio (4).jpg","4126","3126","https://commons.wikimedia.org/wiki/File%3AOctober_Welcome_Backstrike_City_-_Panorama_Tower_Seoul_Korea_-_Master_Asia_Photography_2012_Truth_the_Colors_of_Gate_Eden_-_panoramio_(4).jpg","https://upload.wikimedia.org/wikipedia/commons/f/fb/October_Welcome_Backstrike_City_-_Panorama_Tower_Seoul_Korea_-_Master_Asia_Photography_2012_Truth_the_Colors_of_Gate_Eden_-_panoramio_%284%29.jpg?utm_source=commons.wikimedia.org&utm_campaign=imageinfo&utm_content=original","https://upload.wikimedia.org/wikipedia/commons/thumb/f/fb/October_Welcome_Backstrike_City_-_Panorama_Tower_Seoul_Korea_-_Master_Asia_Photography_2012_Truth_the_Colors_of_Gate_Eden_-_panoramio_%284%29.jpg/960px-October_Welcome_Backstrike_City_-_Panorama_Tower_Seoul_Korea_-_Master_Asia_Photography_2012_Truth_the_Colors_of_Gate_Eden_-_panoramio_%284%29.jpg?utm_source=commons.wikimedia.org&utm_campaign=imageinfo&utm_content=thumbnail","CC BY 3.0","https://creativecommons.org/licenses/by/3.0","pictures Jettcom","Taken on 1 October 2012","search: Seoul panorama filetype:bitmap"
"75","파노라마","October Welcome Backstrike City - Panorama Tower Seoul Korea - Master Asia Photography 2012 Truth the Colors of Gate Eden - panoramio (5)","File:October Welcome Backstrike City - Panorama Tower Seoul Korea - Master Asia Photography 2012 Truth the Colors of Gate Eden - panoramio (5).jpg","4126","3126","https://commons.wikimedia.org/wiki/File%3AOctober_Welcome_Backstrike_City_-_Panorama_Tower_Seoul_Korea_-_Master_Asia_Photography_2012_Truth_the_Colors_of_Gate_Eden_-_panoramio_(5).jpg","https://upload.wikimedia.org/wikipedia/commons/7/75/October_Welcome_Backstrike_City_-_Panorama_Tower_Seoul_Korea_-_Master_Asia_Photography_2012_Truth_the_Colors_of_Gate_Eden_-_panoramio_%285%29.jpg?utm_source=commons.wikimedia.org&utm_campaign=imageinfo&utm_content=original","https://upload.wikimedia.org/wikipedia/commons/thumb/7/75/October_Welcome_Backstrike_City_-_Panorama_Tower_Seoul_Korea_-_Master_Asia_Photography_2012_Truth_the_Colors_of_Gate_Eden_-_panoramio_%285%29.jpg/960px-October_Welcome_Backstrike_City_-_Panorama_Tower_Seoul_Korea_-_Master_Asia_Photography_2012_Truth_the_Colors_of_Gate_Eden_-_panoramio_%285%29.jpg?utm_source=commons.wikimedia.org&utm_campaign=imageinfo&utm_content=thumbnail","CC BY 3.0","https://creativecommons.org/licenses/by/3.0","pictures Jettcom","Taken on 1 October 2012","search: Seoul panorama filetype:bitmap"
"76","파노라마","Seoul Panoramic (1509737235)","File:Seoul Panoramic (1509737235).jpg","3072","2304","https://commons.wikimedia.org/wiki/File%3ASeoul_Panoramic_(1509737235).jpg","https://upload.wikimedia.org/wikipedia/commons/7/7d/Seoul_Panoramic_%281509737235%29.jpg?utm_source=commons.wikimedia.org&utm_campaign=imageinfo&utm_content=original","https://upload.wikimedia.org/wikipedia/commons/thumb/7/7d/Seoul_Panoramic_%281509737235%29.jpg/960px-Seoul_Panoramic_%281509737235%29.jpg?utm_source=commons.wikimedia.org&utm_campaign=imageinfo&utm_content=thumbnail","CC BY 2.0","https://creativecommons.org/licenses/by/2.0","Francisco Anzola","2007-08-30 01:55","Category:Cityscapes of Seoul"
"77","파노라마","Seoul Panoramic (1509709505)","File:Seoul Panoramic (1509709505).jpg","3072","2304","https://commons.wikimedia.org/wiki/File%3ASeoul_Panoramic_(1509709505).jpg","https://upload.wikimedia.org/wikipedia/commons/d/de/Seoul_Panoramic_%281509709505%29.jpg?utm_source=commons.wikimedia.org&utm_campaign=imageinfo&utm_content=original","https://upload.wikimedia.org/wikipedia/commons/thumb/d/de/Seoul_Panoramic_%281509709505%29.jpg/960px-Seoul_Panoramic_%281509709505%29.jpg?utm_source=commons.wikimedia.org&utm_campaign=imageinfo&utm_content=thumbnail","CC BY 2.0","https://creativecommons.org/licenses/by/2.0","Francisco Anzola","2007-08-30 01:55","Category:Cityscapes of Seoul"
"78","파노라마","Seoul Panoramic (1510490698)","File:Seoul Panoramic (1510490698).jpg","3072","2304","https://commons.wikimedia.org/wiki/File%3ASeoul_Panoramic_(1510490698).jpg","https://upload.wikimedia.org/wikipedia/commons/4/47/Seoul_Panoramic_%281510490698%29.jpg?utm_source=commons.wikimedia.org&utm_campaign=imageinfo&utm_content=original","https://upload.wikimedia.org/wikipedia/commons/thumb/4/47/Seoul_Panoramic_%281510490698%29.jpg/960px-Seoul_Panoramic_%281510490698%29.jpg?utm_source=commons.wikimedia.org&utm_campaign=imageinfo&utm_content=thumbnail","CC BY 2.0","https://creativecommons.org/licenses/by/2.0","Francisco Anzola","2007-08-30 01:53","Category:Cityscapes of Seoul"
"79","파노라마","Seoul Panoramic (1510467816)","File:Seoul Panoramic (1510467816).jpg","3072","2304","https://commons.wikimedia.org/wiki/File%3ASeoul_Panoramic_(1510467816).jpg","https://upload.wikimedia.org/wikipedia/commons/6/6b/Seoul_Panoramic_%281510467816%29.jpg?utm_source=commons.wikimedia.org&utm_campaign=imageinfo&utm_content=original","https://upload.wikimedia.org/wikipedia/commons/thumb/6/6b/Seoul_Panoramic_%281510467816%29.jpg/960px-Seoul_Panoramic_%281510467816%29.jpg?utm_source=commons.wikimedia.org&utm_campaign=imageinfo&utm_content=thumbnail","CC BY 2.0","https://creativecommons.org/licenses/by/2.0","Francisco Anzola","2007-08-30 01:53","Category:Cityscapes of Seoul"
"80","파노라마","Seoul Panoramic (1510442938)","File:Seoul Panoramic (1510442938).jpg","3072","2304","https://commons.wikimedia.org/wiki/File%3ASeoul_Panoramic_(1510442938).jpg","https://upload.wikimedia.org/wikipedia/commons/4/46/Seoul_Panoramic_%281510442938%29.jpg?utm_source=commons.wikimedia.org&utm_campaign=imageinfo&utm_content=original","https://upload.wikimedia.org/wikipedia/commons/thumb/4/46/Seoul_Panoramic_%281510442938%29.jpg/960px-Seoul_Panoramic_%281510442938%29.jpg?utm_source=commons.wikimedia.org&utm_campaign=imageinfo&utm_content=thumbnail","CC BY 2.0","https://creativecommons.org/licenses/by/2.0","Francisco Anzola","2007-08-30 01:53","Category:Cityscapes of Seoul"
"81","고지대 전경","Mullae-dong cityscape","File:Mullae-dong cityscape.jpg","5312","2936","https://commons.wikimedia.org/wiki/File%3AMullae-dong_cityscape.jpg","https://upload.wikimedia.org/wikipedia/commons/5/55/Mullae-dong_cityscape.jpg?utm_source=commons.wikimedia.org&utm_campaign=imageinfo&utm_content=original","https://upload.wikimedia.org/wikipedia/commons/thumb/5/55/Mullae-dong_cityscape.jpg/960px-Mullae-dong_cityscape.jpg?utm_source=commons.wikimedia.org&utm_campaign=imageinfo&utm_content=thumbnail","CC BY-SA 4.0","https://creativecommons.org/licenses/by-sa/4.0","Minseong Kim","2018-10-03 17:23:36","Category:Cityscapes of Seoul"
"82","고지대 전경","Cityscape of Sanggye 3, 4 Dong","File:Cityscape of Sanggye 3, 4 Dong.jpg","4616","2510","https://commons.wikimedia.org/wiki/File%3ACityscape_of_Sanggye_3%2C_4_Dong.jpg","https://upload.wikimedia.org/wikipedia/commons/d/dd/Cityscape_of_Sanggye_3%2C_4_Dong.jpg?utm_source=commons.wikimedia.org&utm_campaign=imageinfo&utm_content=original","https://upload.wikimedia.org/wikipedia/commons/thumb/d/dd/Cityscape_of_Sanggye_3%2C_4_Dong.jpg/960px-Cityscape_of_Sanggye_3%2C_4_Dong.jpg?utm_source=commons.wikimedia.org&utm_campaign=imageinfo&utm_content=thumbnail","CC BY-SA 3.0","https://creativecommons.org/licenses/by-sa/3.0","Ox1997cow","2021-03-09 13:28:24","Category:Cityscapes of Seoul"
"83","고지대 전경","Tel Aviv Skyline (17136457915)","File:Tel Aviv Skyline (17136457915).jpg","4160","2496","https://commons.wikimedia.org/wiki/File%3ATel_Aviv_Skyline_(17136457915).jpg","https://upload.wikimedia.org/wikipedia/commons/3/39/Tel_Aviv_Skyline_%2817136457915%29.jpg?utm_source=commons.wikimedia.org&utm_campaign=imageinfo&utm_content=original","https://upload.wikimedia.org/wikipedia/commons/thumb/3/39/Tel_Aviv_Skyline_%2817136457915%29.jpg/960px-Tel_Aviv_Skyline_%2817136457915%29.jpg?utm_source=commons.wikimedia.org&utm_campaign=imageinfo&utm_content=thumbnail","CC BY-SA 2.0","https://creativecommons.org/licenses/by-sa/2.0","Simon Williams-Im from Seoul, United Kingdom","2014-07-22 15:30","search: Seoul skyline filetype:bitmap"
"84","고지대 전경","Cityscape of Sanggye 3, 4, 5 Dong","File:Cityscape of Sanggye 3, 4, 5 Dong.jpg","4032","2268","https://commons.wikimedia.org/wiki/File%3ACityscape_of_Sanggye_3%2C_4%2C_5_Dong.jpg","https://upload.wikimedia.org/wikipedia/commons/d/dc/Cityscape_of_Sanggye_3%2C_4%2C_5_Dong.jpg?utm_source=commons.wikimedia.org&utm_campaign=imageinfo&utm_content=original","https://upload.wikimedia.org/wikipedia/commons/thumb/d/dc/Cityscape_of_Sanggye_3%2C_4%2C_5_Dong.jpg/960px-Cityscape_of_Sanggye_3%2C_4%2C_5_Dong.jpg?utm_source=commons.wikimedia.org&utm_campaign=imageinfo&utm_content=thumbnail","CC BY 3.0","https://creativecommons.org/licenses/by/3.0","Ox1997cow","2021-04-19 19:13:32","Category:Cityscapes of Seoul"
"85","고지대 전경","Cityscape of Jung-gu Seoul Station Seoullo 7017 20240216","File:Cityscape of Jung-gu Seoul Station Seoullo 7017 20240216.jpg","4032","2268","https://commons.wikimedia.org/wiki/File%3ACityscape_of_Jung-gu_Seoul_Station_Seoullo_7017_20240216.jpg","https://upload.wikimedia.org/wikipedia/commons/8/8c/Cityscape_of_Jung-gu_Seoul_Station_Seoullo_7017_20240216.jpg?utm_source=commons.wikimedia.org&utm_campaign=imageinfo&utm_content=original","https://upload.wikimedia.org/wikipedia/commons/thumb/8/8c/Cityscape_of_Jung-gu_Seoul_Station_Seoullo_7017_20240216.jpg/960px-Cityscape_of_Jung-gu_Seoul_Station_Seoullo_7017_20240216.jpg?utm_source=commons.wikimedia.org&utm_campaign=imageinfo&utm_content=thumbnail","CC BY 4.0","https://creativecommons.org/licenses/by/4.0","Sean Young (@assanges)","2024-02-16 15:50:54","search: Seoul cityscape filetype:bitmap"
"86","고지대 전경","Seoul CBD near Eujiro and Namdaemunro","File:Seoul CBD near Eujiro and Namdaemunro.jpg","4000","2252","https://commons.wikimedia.org/wiki/File%3ASeoul_CBD_near_Eujiro_and_Namdaemunro.jpg","https://upload.wikimedia.org/wikipedia/commons/2/25/Seoul_CBD_near_Eujiro_and_Namdaemunro.jpg?utm_source=commons.wikimedia.org&utm_campaign=imageinfo&utm_content=original","https://upload.wikimedia.org/wikipedia/commons/thumb/2/25/Seoul_CBD_near_Eujiro_and_Namdaemunro.jpg/960px-Seoul_CBD_near_Eujiro_and_Namdaemunro.jpg?utm_source=commons.wikimedia.org&utm_campaign=imageinfo&utm_content=thumbnail","CC0","http://creativecommons.org/publicdomain/zero/1.0/deed.en","DtSeoul","2025-12-06","search: Seoul cityscape filetype:bitmap"
"87","고지대 전경","Seoul CBD along Namdaemunro","File:Seoul CBD along Namdaemunro.jpg","4000","2252","https://commons.wikimedia.org/wiki/File%3ASeoul_CBD_along_Namdaemunro.jpg","https://upload.wikimedia.org/wikipedia/commons/9/96/Seoul_CBD_along_Namdaemunro.jpg?utm_source=commons.wikimedia.org&utm_campaign=imageinfo&utm_content=original","https://upload.wikimedia.org/wikipedia/commons/thumb/9/96/Seoul_CBD_along_Namdaemunro.jpg/960px-Seoul_CBD_along_Namdaemunro.jpg?utm_source=commons.wikimedia.org&utm_campaign=imageinfo&utm_content=thumbnail","CC0","http://creativecommons.org/publicdomain/zero/1.0/deed.en","DtSeoul","2025-12-06","search: Seoul cityscape filetype:bitmap"
"88","고지대 전경","Seoul CBD along Euljiro near Euljiro 1-ga Station","File:Seoul CBD along Euljiro near Euljiro 1-ga Station.jpg","4000","2252","https://commons.wikimedia.org/wiki/File%3ASeoul_CBD_along_Euljiro_near_Euljiro_1-ga_Station.jpg","https://upload.wikimedia.org/wikipedia/commons/f/fb/Seoul_CBD_along_Euljiro_near_Euljiro_1-ga_Station.jpg?utm_source=commons.wikimedia.org&utm_campaign=imageinfo&utm_content=original","https://upload.wikimedia.org/wikipedia/commons/thumb/f/fb/Seoul_CBD_along_Euljiro_near_Euljiro_1-ga_Station.jpg/960px-Seoul_CBD_along_Euljiro_near_Euljiro_1-ga_Station.jpg?utm_source=commons.wikimedia.org&utm_campaign=imageinfo&utm_content=thumbnail","CC0","http://creativecommons.org/publicdomain/zero/1.0/deed.en","DtSeoul","2025-12-06","search: Seoul cityscape filetype:bitmap"
"89","고지대 전경","Seoul CBD near Ujeonggukro and Namdaemunro","File:Seoul CBD near Ujeonggukro and Namdaemunro.jpg","4000","2252","https://commons.wikimedia.org/wiki/File%3ASeoul_CBD_near_Ujeonggukro_and_Namdaemunro.jpg","https://upload.wikimedia.org/wikipedia/commons/6/6d/Seoul_CBD_near_Ujeonggukro_and_Namdaemunro.jpg?utm_source=commons.wikimedia.org&utm_campaign=imageinfo&utm_content=original","https://upload.wikimedia.org/wikipedia/commons/thumb/6/6d/Seoul_CBD_near_Ujeonggukro_and_Namdaemunro.jpg/960px-Seoul_CBD_near_Ujeonggukro_and_Namdaemunro.jpg?utm_source=commons.wikimedia.org&utm_campaign=imageinfo&utm_content=thumbnail","CC0","http://creativecommons.org/publicdomain/zero/1.0/deed.en","DtSeoul","2025-12-06","search: Seoul cityscape filetype:bitmap"
"90","고지대 전경","Seoul CBD near Jongro near Jonggak station","File:Seoul CBD near Jongro near Jonggak station.jpg","4000","2252","https://commons.wikimedia.org/wiki/File%3ASeoul_CBD_near_Jongro_near_Jonggak_station.jpg","https://upload.wikimedia.org/wikipedia/commons/9/91/Seoul_CBD_near_Jongro_near_Jonggak_station.jpg?utm_source=commons.wikimedia.org&utm_campaign=imageinfo&utm_content=original","https://upload.wikimedia.org/wikipedia/commons/thumb/9/91/Seoul_CBD_near_Jongro_near_Jonggak_station.jpg/960px-Seoul_CBD_near_Jongro_near_Jonggak_station.jpg?utm_source=commons.wikimedia.org&utm_campaign=imageinfo&utm_content=thumbnail","CC0","http://creativecommons.org/publicdomain/zero/1.0/deed.en","DtSeoul","2025-12-06","search: Seoul cityscape filetype:bitmap"
"91","고지대 전경","Seoul CBD along Sejongdaero","File:Seoul CBD along Sejongdaero.jpg","4000","2252","https://commons.wikimedia.org/wiki/File%3ASeoul_CBD_along_Sejongdaero.jpg","https://upload.wikimedia.org/wikipedia/commons/0/09/Seoul_CBD_along_Sejongdaero.jpg?utm_source=commons.wikimedia.org&utm_campaign=imageinfo&utm_content=original","https://upload.wikimedia.org/wikipedia/commons/thumb/0/09/Seoul_CBD_along_Sejongdaero.jpg/960px-Seoul_CBD_along_Sejongdaero.jpg?utm_source=commons.wikimedia.org&utm_campaign=imageinfo&utm_content=thumbnail","CC0","http://creativecommons.org/publicdomain/zero/1.0/deed.en","DtSeoul","2025-12-06","search: Seoul cityscape filetype:bitmap"
"92","고지대 전경","Seoul CBD along Jongro near Gwanghwamun post office","File:Seoul CBD along Jongro near Gwanghwamun post office.jpg","4000","2252","https://commons.wikimedia.org/wiki/File%3ASeoul_CBD_along_Jongro_near_Gwanghwamun_post_office.jpg","https://upload.wikimedia.org/wikipedia/commons/7/7c/Seoul_CBD_along_Jongro_near_Gwanghwamun_post_office.jpg?utm_source=commons.wikimedia.org&utm_campaign=imageinfo&utm_content=original","https://upload.wikimedia.org/wikipedia/commons/thumb/7/7c/Seoul_CBD_along_Jongro_near_Gwanghwamun_post_office.jpg/960px-Seoul_CBD_along_Jongro_near_Gwanghwamun_post_office.jpg?utm_source=commons.wikimedia.org&utm_campaign=imageinfo&utm_content=thumbnail","CC0","http://creativecommons.org/publicdomain/zero/1.0/deed.en","DtSeoul","2025-12-06","search: Seoul cityscape filetype:bitmap"
"93","고지대 전경","Seoul CBD along Jongro near Gwanghwamun station","File:Seoul CBD along Jongro near Gwanghwamun station.jpg","4000","2252","https://commons.wikimedia.org/wiki/File%3ASeoul_CBD_along_Jongro_near_Gwanghwamun_station.jpg","https://upload.wikimedia.org/wikipedia/commons/3/32/Seoul_CBD_along_Jongro_near_Gwanghwamun_station.jpg?utm_source=commons.wikimedia.org&utm_campaign=imageinfo&utm_content=original","https://upload.wikimedia.org/wikipedia/commons/thumb/3/32/Seoul_CBD_along_Jongro_near_Gwanghwamun_station.jpg/960px-Seoul_CBD_along_Jongro_near_Gwanghwamun_station.jpg?utm_source=commons.wikimedia.org&utm_campaign=imageinfo&utm_content=thumbnail","CC0","http://creativecommons.org/publicdomain/zero/1.0/deed.en","DtSeoul","2025-12-06","search: Seoul cityscape filetype:bitmap"
"94","고지대 전경","Seoul CBD along Euljiro near Lotte Hotel Seoul","File:Seoul CBD along Euljiro near Lotte Hotel Seoul.jpg","4000","2252","https://commons.wikimedia.org/wiki/File%3ASeoul_CBD_along_Euljiro_near_Lotte_Hotel_Seoul.jpg","https://upload.wikimedia.org/wikipedia/commons/6/62/Seoul_CBD_along_Euljiro_near_Lotte_Hotel_Seoul.jpg?utm_source=commons.wikimedia.org&utm_campaign=imageinfo&utm_content=original","https://upload.wikimedia.org/wikipedia/commons/thumb/6/62/Seoul_CBD_along_Euljiro_near_Lotte_Hotel_Seoul.jpg/960px-Seoul_CBD_along_Euljiro_near_Lotte_Hotel_Seoul.jpg?utm_source=commons.wikimedia.org&utm_campaign=imageinfo&utm_content=thumbnail","CC0","http://creativecommons.org/publicdomain/zero/1.0/deed.en","DtSeoul","2025-12-06","search: Seoul cityscape filetype:bitmap"
"95","고지대 전경","Downtown Seoul skyline","File:Downtown Seoul skyline.jpg","5312","1490","https://commons.wikimedia.org/wiki/File%3ADowntown_Seoul_skyline.jpg","https://upload.wikimedia.org/wikipedia/commons/1/1e/Downtown_Seoul_skyline.jpg?utm_source=commons.wikimedia.org&utm_campaign=imageinfo&utm_content=original","https://upload.wikimedia.org/wikipedia/commons/thumb/1/1e/Downtown_Seoul_skyline.jpg/960px-Downtown_Seoul_skyline.jpg?utm_source=commons.wikimedia.org&utm_campaign=imageinfo&utm_content=thumbnail","CC BY-SA 4.0","https://creativecommons.org/licenses/by-sa/4.0","Minseong Kim","2018-10-01 18:04:11","search: Seoul skyline filetype:bitmap"
"96","고지대 전경","2018-09-08 Seoul","File:2018-09-08 Seoul.jpg","3000","1688","https://commons.wikimedia.org/wiki/File%3A2018-09-08_Seoul.jpg","https://upload.wikimedia.org/wikipedia/commons/d/d8/2018-09-08_Seoul.jpg?utm_source=commons.wikimedia.org&utm_campaign=imageinfo&utm_content=original","https://upload.wikimedia.org/wikipedia/commons/thumb/d/d8/2018-09-08_Seoul.jpg/960px-2018-09-08_Seoul.jpg?utm_source=commons.wikimedia.org&utm_campaign=imageinfo&utm_content=thumbnail","CC BY-SA 2.0","https://creativecommons.org/licenses/by-sa/2.0","Steffen Flor","2018-09-08 13:56:27","Category:Cityscapes of Seoul"
"97","고지대 전경","Seoul from Inwangsan","File:Seoul from Inwangsan.jpg","4016","1068","https://commons.wikimedia.org/wiki/File%3ASeoul_from_Inwangsan.jpg","https://upload.wikimedia.org/wikipedia/commons/5/5f/Seoul_from_Inwangsan.jpg?utm_source=commons.wikimedia.org&utm_campaign=imageinfo&utm_content=original","https://upload.wikimedia.org/wikipedia/commons/thumb/5/5f/Seoul_from_Inwangsan.jpg/960px-Seoul_from_Inwangsan.jpg?utm_source=commons.wikimedia.org&utm_campaign=imageinfo&utm_content=thumbnail","CC BY 2.0","https://creativecommons.org/licenses/by/2.0","pravin.premkumar","Taken on 15 September 2001 18:00","Category:Skylines in Seoul"
"98","고지대 전경","Green skyline (10111135456)","File:Green skyline (10111135456).jpg","2296","1352","https://commons.wikimedia.org/wiki/File%3AGreen_skyline_(10111135456).jpg","https://upload.wikimedia.org/wikipedia/commons/6/64/Green_skyline_%2810111135456%29.jpg?utm_source=commons.wikimedia.org&utm_campaign=imageinfo&utm_content=original","https://upload.wikimedia.org/wikipedia/commons/thumb/6/64/Green_skyline_%2810111135456%29.jpg/960px-Green_skyline_%2810111135456%29.jpg?utm_source=commons.wikimedia.org&utm_campaign=imageinfo&utm_content=thumbnail","CC BY 2.0","https://creativecommons.org/licenses/by/2.0","cloud.shepherd","2013-10-05 21:09","search: Seoul skyline filetype:bitmap"
"99","고지대 전경","Seoul cityscape banner","File:Seoul cityscape banner.jpg","4340","620","https://commons.wikimedia.org/wiki/File%3ASeoul_cityscape_banner.jpg","https://upload.wikimedia.org/wikipedia/commons/4/4f/Seoul_cityscape_banner.jpg?utm_source=commons.wikimedia.org&utm_campaign=imageinfo&utm_content=original","https://upload.wikimedia.org/wikipedia/commons/thumb/4/4f/Seoul_cityscape_banner.jpg/960px-Seoul_cityscape_banner.jpg?utm_source=commons.wikimedia.org&utm_campaign=imageinfo&utm_content=thumbnail","CC BY 2.0","https://creativecommons.org/licenses/by/2.0","Malink_78 https://www.flickr.com/photos/malink_ks/","2012-10-24","search: Seoul cityscape filetype:bitmap"
"100","고지대 전경","Seoul Sunset","File:Seoul Sunset (192602565).jpeg","2048","1219","https://commons.wikimedia.org/wiki/File%3ASeoul_Sunset_(192602565).jpeg","https://upload.wikimedia.org/wikipedia/commons/a/a5/Seoul_Sunset_%28192602565%29.jpeg?utm_source=commons.wikimedia.org&utm_campaign=imageinfo&utm_content=original","https://upload.wikimedia.org/wikipedia/commons/thumb/a/a5/Seoul_Sunset_%28192602565%29.jpeg/960px-Seoul_Sunset_%28192602565%29.jpeg?utm_source=commons.wikimedia.org&utm_campaign=imageinfo&utm_content=thumbnail","CC BY 3.0","https://creativecommons.org/licenses/by/3.0","Mathew Schwartz","11 January 2017, 22:51:49 (UTC)","search: Seoul cityscape filetype:bitmap"
